ReefID,ReefArea(km-sq),Latitude,Longitude,type_assumption,ave_hcc,gravity_score,oldpen,typhprob,bleachprob,bioregion,matched,penalty,reefaream2
2666,4.87E-05,16.641,122.4,II,23.36254636,225,0.03,0.934782609,0.075744768,NPS,bioregprop,0.235218252,48.7
2418,9.89E-05,13.0068,121.76,VI,15.09497973,337,0.04,0.847826087,0.063686609,VS,bioregprop,0.25276299,98.9
1108,0.00023384,9.0027,117.28,I,5.20381916,8,0,0.369565217,0.061273424,WPS,bioregprop,0.090308999,233.84
3428,0.00035879,5.5115,125.2,I,10.569943,242,0.03,0.086956522,0.079905586,CS,bioregprop,0.238381537,358.79
2122,0.0016975,13.7073,120.64,I,15.66296077,242,0.03,0.891304348,0.066070452,WPS,nearest1,0.238381537,1697.5
2157,0.0016996,13.785,120.72,I,34.22941273,242,0.03,0.891304348,0.065086853,WPS,bioregprop,0.238381537,1699.6
2768,0.0018622,13.6296,122.8,I,16.56388044,643,0.05,0.869565217,0.068195081,VS,bioregprop,0.280821097,1862.2
3480,0.0019126,9.7131,125.36,I,45.22408031,242,0.03,0.630434783,0.067505604,VS,bioregprop,0.238381537,1912.6
908,0.0021051,11.7566,116.48,I,34.51424804,242,0.03,0.630434783,0.058874502,WPS,bioregprop,0.238381537,2105.1
2794,0.0026247,9.0027,122.96,Outlier,58.6108787,242,0.03,0.47826087,0.068342029,SS,bioregprop,0.238381537,2624.7
1967,0.0031665,13.6296,120.16,I,29.32591977,242,0.03,0.869565217,0.067285142,WPS,bioregprop,0.238381537,3166.5
3476,0.0032279,9.0817,125.36,I,35.33588404,242,0.03,0.565217391,0.072795821,VS,bioregprop,0.238381537,3227.9
3199,0.0032893,9.5554,124.16,I,38.14560538,1538,0.07,0.565217391,0.066066172,VS,bioregprop,0.318695634,3289.3
2704,0.0034335,10.2646,122.5601,Outlier,42.38007257,242,0.03,0.630434783,0.06131581,SS,bioregprop,0.238381537,3433.5
1228,0.0037779,9.5554,117.6801,I,15.15668384,242,0.03,0.391304348,0.064013627,WPS,bioregprop,0.238381537,3777.9
2638,0.0040525,16.4876,122.3199,I,31.57221999,268,0.03,0.934782609,0.074923323,NPS,bioregprop,0.242813479,4052.5
931,0.0050036,10.422,116.64,I,51.33385036,1,0,0.5,0.062400957,WPS,bioregprop,0,5003.6
2690,0.0050701,16.7942,122.48,II,16.50829292,216,0.03,0.956521739,0.076714527,NPS,bioregprop,0.233445375,5070.1
2645,0.005335,6.9429,122.4,IV,16.84311,161,0.03,0.130434783,0.069183629,CS,bioregprop,0.220682588,5335
2620,0.0053374,6.8635,122.3199,I,39.764723,199,0.03,0.108695652,0.069538907,CS,bioregprop,0.229885308,5337.4
1421,0.0054696,9.8708,118.24,VI,9.554413519,16,0,0.434782609,0.066268921,WPS,bioregprop,0.120411998,5469.6
1908,0.0064771,4.8741,120,I,25.591972,35,0,0.02173913,0.076357743,CS,nearest1,0.154406804,6477.1
2684,0.0074347,13.1627,122.48,I,32.85922644,242,0.03,0.869565217,0.065686581,VS,bioregprop,0.238381537,7434.7
2912,0.0074792,13.2406,123.28,I,26.17558161,654,0.05,0.869565217,0.066346913,VS,bioregprop,0.281557775,7479.2
1389,0.0083078,6.6252,118.16,I,43.69392686,242,0.03,0.086956522,0.070245557,SS,bioregprop,0.238381537,8307.8
2071,0.0091894,13.9404,120.48,I,35.75737057,242,0.03,0.891304348,0.065665181,WPS,nearest1,0.238381537,9189.4
1436,0.0091912,6.1482,118.3199,I,31.9686111,35,0,0.065217391,0.070773305,SS,bioregprop,0.154406804,9191.2
2458,0.0092939,13.1627,121.84,I,27.25594527,242,0.03,0.847826087,0.063383719,VS,bioregprop,0.238381537,9293.9
2386,0.010321,15.5649,121.6,I,20.74393109,412,0.04,0.934782609,0.069584823,NPS,bioregprop,0.261489722,10321
929,0.010369,9.0817,116.64,I,45.0546912,4,0,0.391304348,0.058426653,WPS,bioregprop,0.060205999,10369
1558,0.011033,10.8938,118.64,I,7.915986534,242,0.03,0.5,0.060202506,WPS,bioregprop,0.238381537,11033
2525,0.011265,7.6571,122,I,30.04481791,242,0.03,0.282608696,0.07374532,SS,bioregprop,0.238381537,11265
2855,0.011431,14.1732,123.12,I,47.343292,543,0.05,0.891304348,0.071884586,NPS,bioregprop,0.273479983,11431
2362,0.012446,15.4108,121.52,V,4.722087059,242,0.03,0.934782609,0.069225585,NPS,bioregprop,0.238381537,12446
3231,0.01351,9.5554,124.24,V,4.933385922,430,0.04,0.565217391,0.065934769,VS,bioregprop,0.263346846,13510
2949,0.013573,10.1072,123.4399,I,39.2334778,836,0.06,0.630434783,0.074672083,VS,bioregprop,0.292220628,13573
2333,0.013617,15.3336,121.4399,I,26.02323142,242,0.03,0.934782609,0.068465146,NPS,bioregprop,0.238381537,13617
3015,0.014195,10.7366,123.6,I,26.62458281,242,0.03,0.739130435,0.069371596,VS,nearest1,0.238381537,14195
3041,0.014552,10.0284,123.6801,I,44.93088375,953,0.06,0.630434783,0.073032583,VS,nearest1,0.29790929,14552
3178,0.014973,11.1293,124.08,I,22.44676483,433,0.04,0.760869565,0.069824998,VS,bioregprop,0.26364879,14973
2577,0.015892,19.0774,122.08,VII,0.329245184,242,0.03,0.97826087,0.066083315,NPS,bioregprop,0.238381537,15892
1388,0.016099,6.3072,118.16,I,30.24010948,23,0,0.065217391,0.070367243,SS,bioregprop,0.136172784,16099
1355,0.016121,6.3867,118.08,I,18.19947367,242,0.03,0.065217391,0.070562258,SS,bioregprop,0.238381537,16121
3647,0.017059,9.9496,126.16,II,30.3294737,177,0.03,0.739130435,0.072044105,SPS,nearest1,0.224797327,17059
2589,0.017111,12.7729,122.16,I,15.05375828,242,0.03,0.847826087,0.064074982,VS,bioregprop,0.238381537,17111
2076,0.017169,18.3956,120.48,I,38.51233305,242,0.03,0.956521739,0.075587372,WPS,bioregprop,0.238381537,17169
2363,0.017169,15.4879,121.52,I,24.89641018,242,0.03,0.934782609,0.069513629,NPS,bioregprop,0.238381537,17169
2778,0.017326,11.5999,122.88,I,29.61849298,242,0.03,0.804347826,0.062291919,VS,bioregprop,0.238381537,17326
1451,0.017379,9.0817,118.3199,I,38.04402874,31,0,0.326086957,0.066732488,SS,bioregprop,0.149136169,17379
2697,0.017497,7.2605,122.5601,I,6.441075,242,0.03,0.152173913,0.071479576,CS,bioregprop,0.238381537,17497
3477,0.017944,9.3186,125.36,III,50.06896804,242,0.03,0.565217391,0.068593665,VS,bioregprop,0.238381537,17944
3311,0.018897,11.7566,124.48,III,61.19606072,242,0.03,0.847826087,0.072124301,VS,bioregprop,0.238381537,18897
2546,0.019226,18.4715,122,I,22.22274202,242,0.03,0.956521739,0.064609702,NPS,nearest1,0.238381537,19226
1317,0.019736,9.5554,117.92,I,39.93158709,11,0,0.391304348,0.065936496,WPS,bioregprop,0.104139269,19736
3656,0.020016,9.1607,126.24,V,4.237775736,235,0.03,0.565217391,0.070474031,SPS,bioregprop,0.237106786,20016
1982,0.020034,11.4432,120.24,I,16.26811472,67,0,0.652173913,0.061909798,SS,bioregprop,0.18260748,20034
3120,0.020782,7.5778,123.92,I,32.926562,242,0.03,0.347826087,0.068760093,CS,bioregprop,0.238381537,20782
3403,0.022187,10.8938,125.04,III,55.72544572,242,0.03,0.804347826,0.075011155,VS,bioregprop,0.238381537,22187
3698,0.022869,7.4192,126.64,II,20.9984045,242,0.03,0.326086957,0.075537338,SPS,bioregprop,0.238381537,22869
2865,0.024266,9.792,123.2,I,19.09148026,702,0.05,0.586956522,0.075477716,VS,bioregprop,0.284633711,24266
2460,0.024446,13.785,121.84,III,29.9030267,242,0.03,0.913043478,0.063804359,VS,bioregprop,0.238381537,24446
2685,0.024599,13.2406,122.48,III,51.86556879,242,0.03,0.869565217,0.065968298,VS,bioregprop,0.238381537,24599
2061,0.024653,5.5911,120.48,I,12.548307,242,0.03,0.043478261,0.070955748,CS,bioregprop,0.238381537,24653
2758,0.024798,9.1607,122.8,I,16.08285199,242,0.03,0.5,0.071200179,SS,bioregprop,0.238381537,24798
3204,0.025206,11.2863,124.16,I,35.59647069,305,0.04,0.826086957,0.069332007,VS,bioregprop,0.248429984,25206
2585,0.025735,12.4606,122.16,III,63.59360698,242,0.03,0.847826087,0.063789513,VS,nearest1,0.238381537,25735
1891,0.026752,5.8299,119.92,I,28.4757614,29,0,0.065217391,0.072909192,SS,bioregprop,0.1462398,26752
2252,0.027066,19.153,121.12,I,28.92194274,242,0.03,0.956521739,0.069986774,WPS,bioregprop,0.238381537,27066
2293,0.027066,19.153,121.28,I,22.50903804,242,0.03,0.97826087,0.067036361,WPS,bioregprop,0.238381537,27066
2270,0.02713,19.2285,121.2,I,20.3234532,242,0.03,0.97826087,0.06846917,WPS,bioregprop,0.238381537,27130
2791,0.028435,8.3701,122.96,I,9.319529258,339,0.04,0.434782609,0.067491101,SS,bioregprop,0.25301997,28435
3170,0.028663,9.5554,124.08,I,29.14661627,1904,0.07,0.565217391,0.066213922,VS,bioregprop,0.327966694,28663
3013,0.028728,10.5007,123.6,I,12.40042719,242,0.03,0.652173913,0.071994089,VS,bioregprop,0.238381537,28728
1946,0.02896,16.2574,120.08,I,42.96535046,657,0.05,0.934782609,0.067037356,WPS,bioregprop,0.281756537,28960
1848,0.029017,15.4879,119.76,I,46.2931063,242,0.03,0.913043478,0.062033403,WPS,nearest1,0.238381537,29017
3566,0.030349,11.4432,125.6,I,27.73495657,228,0.03,0.869565217,0.077439,NPS,bioregprop,0.235793485,30349
3230,0.030532,8.6074,124.24,V,3.53968516,242,0.03,0.5,0.070585111,VS,bioregprop,0.238381537,30532
1335,0.031091,8.6865,118,I,12.44761143,20,0,0.260869565,0.063639588,SS,bioregprop,0.130103,31091
2777,0.031175,9.1607,122.88,I,35.96964098,486,0.04,0.5,0.070777719,SS,bioregprop,0.268663627,31175
3574,0.031474,5.9095,125.6801,I,40.756417,194,0.03,0.152173913,0.070610994,CS,bioregprop,0.228780173,31474
3555,0.031527,5.8299,125.6,I,25.774697,242,0.03,0.130434783,0.071572548,CS,bioregprop,0.238381537,31527
2590,0.031579,12.8509,122.16,I,17.30327344,242,0.03,0.869565217,0.064162033,VS,bioregprop,0.238381537,31579
1629,0.031764,10.9723,118.88,I,43.38963581,22,0,0.565217391,0.05941548,WPS,bioregprop,0.134242268,31764
1387,0.032199,6.1482,118.16,I,22.94654053,242,0.03,0.065217391,0.07067774,SS,bioregprop,0.238381537,32199
2282,0.032571,10.9723,121.28,I,21.18256484,242,0.03,0.630434783,0.066575905,SS,bioregprop,0.238381537,32571
2260,0.032611,11.0508,121.2,I,42.88493567,108,0.03,0.630434783,0.066065137,SS,bioregprop,0.203342376,32611
3346,0.032622,11.6783,124.64,V,0.493886545,242,0.03,0.847826087,0.073090449,VS,bioregprop,0.238381537,32622
1180,0.03388,9.3186,117.52,I,27.49078618,8,0,0.391304348,0.063249129,WPS,bioregprop,0.090308999,33880
2025,0.034503,17.4059,120.3199,V,2.17209212,242,0.03,0.956521739,0.071025616,WPS,nearest1,0.238381537,34503
2858,0.03545,8.6074,123.2,I,36.39173013,242,0.03,0.434782609,0.064349221,SS,bioregprop,0.238381537,35450
2864,0.035764,9.7131,123.2,I,21.13166443,1118,0.07,0.586956522,0.074795537,VS,nearest1,0.30484418,35764
3685,0.035934,7.1811,126.5601,II,16.52372942,211,0.03,0.304347826,0.076310978,SPS,bioregprop,0.232428246,35934
2760,0.036617,11.6783,122.8,I,26.77088858,262,0.03,0.804347826,0.064034404,VS,bioregprop,0.241830129,36617
2115,0.037236,10.7366,120.64,I,23.50965012,242,0.03,0.608695652,0.066712525,SS,bioregprop,0.238381537,37236
2485,0.037862,10.658,121.92,I,33.27275762,242,0.03,0.630434783,0.064109087,SS,bioregprop,0.238381537,37862
3589,0.038198,9.7131,125.76,I,21.78861576,229,0.03,0.673913043,0.070015128,SPS,bioregprop,0.235983548,38198
2673,0.040409,9.3976,122.48,Outlier,53.73661423,242,0.03,0.5,0.070725935,SS,bioregprop,0.238381537,40409
3532,0.040952,5.6707,125.52,I,21.384042,129,0.03,0.108695652,0.074240353,CS,bioregprop,0.211058971,40952
1836,0.041482,11.8349,119.76,I,35.18575608,242,0.03,0.673913043,0.059581797,WPS,nearest1,0.238381537,41482
2490,0.042018,11.5999,121.92,I,41.12498041,242,0.03,0.717391304,0.06521978,SS,nearest1,0.238381537,42018
2921,0.042139,9.3186,123.36,I,27.97084407,1026,0.07,0.543478261,0.068015081,VS,nearest1,0.301114736,42139
1603,0.042663,10.2646,118.8,I,35.72387279,18,0,0.5,0.062468715,WPS,bioregprop,0.125527251,42663
2775,0.042828,8.4492,122.88,I,27.10713436,242,0.03,0.434782609,0.067057406,SS,bioregprop,0.238381537,42828
3049,0.043156,11.5999,123.6801,III,61.79102179,219,0.03,0.847826087,0.061973037,VS,bioregprop,0.234044411,43156
2806,0.043406,14.5607,122.96,I,44.66483258,242,0.03,0.934782609,0.073480786,NPS,bioregprop,0.238381537,43406
3202,0.044164,10.658,124.16,I,12.56049451,242,0.03,0.739130435,0.073151449,VS,bioregprop,0.238381537,44164
2699,0.04441,7.4985,122.5601,I,4.162402,242,0.03,0.239130435,0.074290752,CS,bioregprop,0.238381537,44410
2405,0.044724,15.719,121.6801,II,10.68069273,639,0.05,0.934782609,0.069708417,NPS,bioregprop,0.280550086,44724
1604,0.044906,10.658,118.8,I,21.11351852,17,0,0.52173913,0.060726747,WPS,bioregprop,0.123044892,44906
1748,0.046022,12.3043,119.4399,I,28.86979935,242,0.03,0.760869565,0.060850928,WPS,bioregprop,0.238381537,46022
1008,0.04653,10.8938,116.88,I,4.613972437,2,0,0.52173913,0.058266535,WPS,bioregprop,0.030103,46530
1102,0.046723,8.0534,117.28,I,21.6128628,242,0.03,0.217391304,0.063064523,SS,nearest1,0.238381537,46723
3025,0.047956,12.7729,123.6,I,16.37427166,242,0.03,0.869565217,0.061688028,VS,bioregprop,0.238381537,47956
2999,0.047959,12.6948,123.52,III,57.6181754,242,0.03,0.869565217,0.06124122,VS,bioregprop,0.238381537,47959
2622,0.04832,7.1811,122.3199,I,54.645669,359,0.04,0.130434783,0.071520503,CS,bioregprop,0.255509445,48320
2361,0.05069,15.1793,121.52,I,11.9667364,242,0.03,0.913043478,0.068315884,NPS,bioregprop,0.238381537,50690
2332,0.050815,15.2564,121.4399,II,27.47351329,533,0.05,0.913043478,0.068050844,NPS,bioregprop,0.272672721,50815
1939,0.05161,12.4606,120.08,I,37.51629365,242,0.03,0.782608696,0.060977255,WPS,bioregprop,0.238381537,51610
2407,0.051797,20.2826,121.6801,I,27.03082601,242,0.03,0.956521739,0.070190267,NPS,bioregprop,0.238381537,51797
2171,0.0524,9.3186,120.8,I,36.13874088,242,0.03,0.47826087,0.07030633,SS,bioregprop,0.238381537,52400
3033,0.052757,7.6571,123.6801,I,41.037527,242,0.03,0.347826087,0.069493869,CS,bioregprop,0.238381537,52757
808,0.052838,9.3186,115.92,VI,17.68353235,2,0,0.413043478,0.065981493,WPS,bioregprop,0.030103,52838
2385,0.053291,14.9475,121.6,I,32.13661684,462,0.04,0.913043478,0.069855033,NPS,bioregprop,0.266464198,53291
1670,0.053526,10.7366,119.12,I,34.5449963,242,0.03,0.565217391,0.060807676,WPS,bioregprop,0.238381537,53526
1160,0.053809,9.3976,117.4399,I,31.54241021,242,0.03,0.391304348,0.062911289,WPS,bioregprop,0.238381537,53809
2557,0.055653,7.7364,122.08,I,39.3046533,372,0.04,0.260869565,0.073518643,SS,bioregprop,0.257054294,55653
1973,0.055919,16.1037,120.16,I,29.67565281,1030,0.07,0.934782609,0.066598101,WPS,bioregprop,0.301283722,55919
3383,0.056049,9.0817,124.88,I,16.55404995,409,0.04,0.543478261,0.069812536,VS,nearest1,0.261172331,56049
2474,0.056083,20.5076,121.84,I,35.98994383,242,0.03,0.956521739,0.069406318,NPS,bioregprop,0.238381537,56083
1484,0.056223,10.1859,118.4,I,50.06463157,14,0,0.5,0.063970345,WPS,bioregprop,0.114612804,56223
1730,0.056617,12.0697,119.36,I,10.51982585,242,0.03,0.739130435,0.060013742,WPS,bioregprop,0.238381537,56617
2809,0.056697,7.2605,123.04,I,19.18787,124,0.03,0.260869565,0.071784421,CS,bioregprop,0.209342169,56697
2647,0.056763,7.1811,122.4,I,28.194084,242,0.03,0.152173913,0.071101916,CS,bioregprop,0.238381537,56763
2712,0.057567,13.7073,122.5601,V,7.416364493,594,0.05,0.891304348,0.06758002,VS,bioregprop,0.277378644,57567
2264,0.057777,11.9132,121.2,I,47.02389081,242,0.03,0.717391304,0.064652117,SS,bioregprop,0.238381537,57777
2223,0.05825,12.3825,120.96,I,19.85054652,242,0.03,0.826086957,0.066494378,SS,nearest1,0.238381537,58250
1576,0.058634,10.1859,118.72,I,12.49520838,242,0.03,0.47826087,0.063124622,WPS,bioregprop,0.238381537,58634
3699,0.059176,7.4985,126.64,II,13.54550562,242,0.03,0.326086957,0.075017365,SPS,bioregprop,0.238381537,59176
3140,0.05963,6.4662,124,I,46.88543,97,0,0.152173913,0.076850379,CS,bioregprop,0.198677173,59630
3456,0.059937,10.0284,125.28,V,5.132077535,226,0.03,0.717391304,0.067550706,VS,bioregprop,0.235410844,59937
2793,0.060049,8.5283,122.96,Outlier,29.16884412,304,0.04,0.434782609,0.066138983,SS,bioregprop,0.248287358,60049
2981,0.060755,10.5794,123.52,I,38.82608532,618,0.05,0.695652174,0.070105285,VS,bioregprop,0.279098848,60755
2165,0.062651,6.0686,120.8,I,27.16688447,242,0.03,0.065217391,0.072546488,SS,bioregprop,0.238381537,62651
3400,0.062914,8.9237,125.04,III,36.15593439,1566,0.07,0.52173913,0.072415579,VS,bioregprop,0.319479176,62914
2629,0.062923,12.3825,122.3199,III,51.96412777,242,0.03,0.847826087,0.064026984,VS,nearest1,0.238381537,62923
3341,0.063044,10.1072,124.64,V,7.807523447,644,0.05,0.673913043,0.06795511,VS,bioregprop,0.280888587,63044
3367,0.06323,10.3434,124.72,III,19.34954405,410,0.04,0.717391304,0.069814915,VS,nearest1,0.261278386,63230
1510,0.063735,10.3434,118.48,VI,18.48460799,13,0,0.52173913,0.062657153,WPS,bioregprop,0.111394335,63735
2446,0.063845,10.8938,121.84,Outlier,43.24647191,242,0.03,0.630434783,0.066537799,SS,bioregprop,0.238381537,63845
928,0.063952,9.0027,116.64,I,31.81636985,242,0.03,0.391304348,0.057532247,WPS,bioregprop,0.238381537,63952
3357,0.064747,8.6865,124.72,III,43.92072869,634,0.05,0.52173913,0.073563186,VS,nearest1,0.280208926,64747
2527,0.065546,7.8156,122,I,47.86907985,242,0.03,0.282608696,0.072693796,SS,bioregprop,0.238381537,65546
2204,0.065844,12.6168,120.88,I,13.92503247,253,0.03,0.826086957,0.067844525,SS,nearest1,0.240312052,65844
1371,0.066008,8.8447,118.08,Outlier,40.26041307,29,0,0.304347826,0.064571421,SS,bioregprop,0.1462398,66008
2404,0.066344,14.5607,121.6801,I,53.3083869,1894,0.07,0.913043478,0.070517802,NPS,bioregprop,0.327737997,66344
1553,0.06745,10.5007,118.64,I,32.69867858,14,0,0.5,0.06139122,WPS,bioregprop,0.114612804,67450
2662,0.068972,13.4741,122.4,I,24.52896935,242,0.03,0.869565217,0.066280057,VS,nearest1,0.238381537,68972
1960,0.069206,11.2863,120.16,I,29.88871221,61,0,0.652173913,0.06265635,SS,bioregprop,0.178532984,69206
1981,0.069275,11.3647,120.24,I,47.78735384,65,0,0.652173913,0.062324274,SS,bioregprop,0.181291336,69275
1980,0.069312,11.2078,120.24,I,34.79586816,242,0.03,0.652173913,0.063293085,SS,bioregprop,0.238381537,69312
2225,0.069756,18.6231,120.96,I,33.88896638,242,0.03,0.956521739,0.070980334,WPS,bioregprop,0.238381537,69756
2349,0.070062,6.3072,121.52,I,34.138428,66,0,0.065217391,0.069603338,CS,bioregprop,0.181954394,70062
1706,0.070488,11.2863,119.28,I,26.40454148,242,0.03,0.673913043,0.05872042,WPS,bioregprop,0.238381537,70488
2388,0.07086,15.873,121.6,II,16.91339091,242,0.03,0.934782609,0.069723333,NPS,bioregprop,0.238381537,70860
1256,0.071426,9.3976,117.76,I,50.37373228,11,0,0.369565217,0.064562222,WPS,bioregprop,0.104139269,71426
1195,0.072867,7.4985,117.6,III,30.05970751,242,0.03,0.130434783,0.068079355,SS,bioregprop,0.238381537,72867
3173,0.073137,10.5794,124.08,I,14.92324535,1340,0.07,0.739130435,0.073499674,VS,bioregprop,0.31271048,73137
3237,0.073605,10.8938,124.24,V,5.780790029,242,0.03,0.760869565,0.072300242,VS,nearest1,0.238381537,73605
1247,0.074641,7.4192,117.76,I,13.74679633,242,0.03,0.130434783,0.069020289,SS,bioregprop,0.238381537,74641
1868,0.074947,11.1293,119.84,I,11.02342432,50,0,0.652173913,0.063064976,SS,bioregprop,0.169897,74947
2420,0.075961,13.3963,121.76,IV,24.46454853,242,0.03,0.891304348,0.063159402,VS,bioregprop,0.238381537,75961
2828,0.07704,13.4741,123.04,I,8.95403829,242,0.03,0.869565217,0.067726397,VS,bioregprop,0.238381537,77040
2655,0.078122,10.5794,122.4,I,18.47141499,242,0.03,0.630434783,0.060597007,SS,bioregprop,0.238381537,78122
1897,0.078361,12.4606,119.92,I,17.36841828,242,0.03,0.760869565,0.061138554,WPS,nearest1,0.238381537,78361
2416,0.078387,11.9132,121.76,I,41.47704736,242,0.03,0.760869565,0.064269316,VS,nearest1,0.238381537,78387
3010,0.07888,9.792,123.6,I,19.7946409,242,0.03,0.586956522,0.071646626,VS,bioregprop,0.238381537,78880
707,0.079128,10.0284,114.48,I,27.19257211,242,0.03,0.456521739,0.06202154,WPS,bioregprop,0.238381537,79128
2721,0.079315,7.5778,122.64,I,16.792417,242,0.03,0.239130435,0.074595527,CS,bioregprop,0.238381537,79315
2357,0.080418,12.5387,121.52,V,5.510059725,242,0.03,0.826086957,0.064891059,VS,bioregprop,0.238381537,80418
1210,0.081646,15.2564,117.6,I,22.71467327,242,0.03,0.869565217,0.070301329,WPS,bioregprop,0.238381537,81646
867,0.082221,10.8152,116.3199,I,28.05489059,1,0,0.5,0.061246011,WPS,bioregprop,0,82221
1532,0.082315,10.0284,118.5601,I,30.88435895,242,0.03,0.456521739,0.064900538,WPS,bioregprop,0.238381537,82315
3390,0.083854,9.0027,124.96,IV,21.26098624,635,0.05,0.52173913,0.070980293,VS,bioregprop,0.280277373,83854
3452,0.085022,5.5115,125.28,I,35.845273,242,0.03,0.086956522,0.07922051,CS,bioregprop,0.238381537,85022
1318,0.08635,9.6343,117.92,I,9.696450679,11,0,0.391304348,0.065727943,WPS,bioregprop,0.104139269,86350
3088,0.086653,8.5283,123.84,I,25.49139978,242,0.03,0.47826087,0.066951432,VS,nearest1,0.238381537,86653
1340,0.088337,9.5554,118,I,22.94824087,13,0,0.391304348,0.066556931,WPS,bioregprop,0.111394335,88337
2048,0.088551,13.5518,120.4,I,39.50135322,475,0.04,0.869565217,0.067623307,WPS,bioregprop,0.267669361,88551
3174,0.088993,10.8152,124.08,I,24.08191774,906,0.06,0.760869565,0.072534154,VS,bioregprop,0.29571282,88993
3337,0.089258,9.0817,124.64,I,42.71579173,242,0.03,0.543478261,0.069393966,VS,bioregprop,0.238381537,89258
1843,0.090919,12.3825,119.76,I,17.74490546,89,0,0.760869565,0.061006476,WPS,bioregprop,0.194939001,90919
3209,0.091523,11.9132,124.16,III,45.38934553,242,0.03,0.847826087,0.067137393,VS,bioregprop,0.238381537,91523
1288,0.092251,9.5554,117.84,I,19.0472345,10,0,0.391304348,0.06528627,WPS,bioregprop,0.1,92251
2632,0.092273,13.4741,122.3199,I,8.10512282,242,0.03,0.869565217,0.065908862,VS,nearest1,0.238381537,92273
3336,0.092284,8.7656,124.64,III,32.9735089,242,0.03,0.52173913,0.072480504,VS,nearest1,0.238381537,92284
1202,0.093104,9.1607,117.6,I,41.68654154,11,0,0.369565217,0.063405171,WPS,bioregprop,0.104139269,93104
2860,0.093684,8.8447,123.2,I,10.21552642,242,0.03,0.47826087,0.064424928,SS,bioregprop,0.238381537,93684
2197,0.094946,10.658,120.88,I,36.32289567,80,0,0.586956522,0.066843103,SS,bioregprop,0.190308999,94946
3509,0.095035,9.3186,125.4399,V,1.457106397,242,0.03,0.565217391,0.069431828,VS,bioregprop,0.238381537,95035
985,0.096001,11.2078,116.8,I,28.01793804,1,0,0.586956522,0.057466391,WPS,bioregprop,0,96001
1627,0.09729,10.7366,118.88,I,42.67156904,20,0,0.52173913,0.060454369,WPS,bioregprop,0.130103,97290
767,0.098247,10.3434,115.04,I,48.43421084,1,0,0.47826087,0.060403539,WPS,bioregprop,0,98247
1422,0.098368,9.9496,118.24,I,13.8128625,15,0,0.434782609,0.065656011,WPS,bioregprop,0.117609126,98368
1420,0.098531,9.792,118.24,I,46.87850491,242,0.03,0.413043478,0.066834078,WPS,bioregprop,0.238381537,98531
1457,0.10056,10.0284,118.3199,I,18.28910729,17,0,0.434782609,0.065232038,WPS,bioregprop,0.123044892,100560
3077,0.10175,12.7729,123.76,I,29.67831034,552,0.05,0.869565217,0.062589349,VS,bioregprop,0.274193908,101750
3368,0.10187,10.5794,124.72,VI,15.73195706,409,0.04,0.739130435,0.071820131,VS,nearest1,0.261172331,101870
898,0.10243,9.792,116.48,I,31.72930339,2,0,0.413043478,0.064738152,WPS,bioregprop,0.030103,102430
2854,0.1031,13.3963,123.12,I,27.89400142,242,0.03,0.869565217,0.067400275,VS,bioregprop,0.238381537,103100
2070,0.10391,13.8627,120.48,I,36.78418244,242,0.03,0.891304348,0.066063515,WPS,nearest1,0.238381537,103910
1626,0.10421,10.3434,118.88,I,19.47304787,242,0.03,0.5,0.061967594,WPS,bioregprop,0.238381537,104210
1458,0.10512,10.1072,118.3199,I,5.400033355,15,0,0.456521739,0.064586244,WPS,bioregprop,0.117609126,105120
2681,0.10564,12.3043,122.48,I,25.38143166,242,0.03,0.847826087,0.064367446,VS,bioregprop,0.238381537,105640
1398,0.10605,9.8708,118.16,I,50.74241768,14,0,0.434782609,0.065887911,WPS,bioregprop,0.114612804,106050
1319,0.10713,9.7131,117.92,I,32.53532266,10,0,0.391304348,0.06522684,WPS,bioregprop,0.1,107130
3119,0.10713,7.4985,123.92,VI,4.505685,242,0.03,0.326086957,0.068922072,CS,bioregprop,0.238381537,107130
1376,0.10716,9.6343,118.08,I,14.68902042,15,0,0.391304348,0.066938883,WPS,bioregprop,0.117609126,107160
2948,0.10717,9.4765,123.4399,I,17.11563781,1230,0.07,0.543478261,0.069405974,VS,bioregprop,0.308990511,107170
2235,0.10727,18.6231,121.04,I,40.6766734,225,0.03,0.956521739,0.070115659,WPS,bioregprop,0.235218252,107270
1219,0.10772,7.2605,117.6801,III,40.68638147,12,0,0.130434783,0.069525003,SS,bioregprop,0.107918125,107720
2072,0.10773,14.018,120.48,I,11.25049438,1297,0.07,0.891304348,0.065283752,WPS,nearest1,0.311293998,107730
2322,0.10781,6.5457,121.4399,I,57.44619954,65,0,0.108695652,0.069449902,SS,bioregprop,0.181291336,107810
3296,0.10828,11.7566,124.4,I,21.79084437,251,0.03,0.847826087,0.071359256,VS,bioregprop,0.239967372,108280
2364,0.11023,18.8504,121.52,I,24.96207749,242,0.03,0.956521739,0.064909377,NPS,bioregprop,0.238381537,110230
2335,0.11035,18.9261,121.4399,I,5.183855697,74,0,0.956521739,0.065188664,NPS,bioregprop,0.186923172,110350
2334,0.11045,18.7747,121.4399,I,36.96037596,242,0.03,0.956521739,0.066237857,NPS,bioregprop,0.238381537,110450
3072,0.11052,11.3647,123.76,I,29.38682484,242,0.03,0.782608696,0.064831274,VS,bioregprop,0.238381537,110520
2831,0.11063,14.5607,123.04,I,41.88568477,200,0.03,0.913043478,0.073282044,NPS,bioregprop,0.230103,110630
1306,0.11147,7.0224,117.92,I,12.08656108,12,0,0.130434783,0.070934534,SS,bioregprop,0.107918125,111470
3340,0.11188,9.9496,124.64,I,8.573130804,434,0.04,0.673913043,0.066600922,VS,bioregprop,0.263748973,111880
3301,0.11236,13.9404,124.4,II,17.86346972,242,0.03,0.913043478,0.073278235,NPS,nearest1,0.238381537,112360
3135,0.11318,13.9404,123.92,I,27.06488181,221,0.03,0.913043478,0.071849178,NPS,nearest1,0.234439227,113180
3306,0.11379,5.9891,124.48,I,36.202286,242,0.03,0.152173913,0.082135177,CS,bioregprop,0.238381537,113790
2212,0.11394,6.3072,120.96,I,38.45671623,242,0.03,0.065217391,0.073196388,SS,bioregprop,0.238381537,113940
3563,0.11412,10.8938,125.6,V,2.538090705,166,0.03,0.826086957,0.077133446,SPS,nearest1,0.222010809,114120
3248,0.11423,11.9915,124.24,I,31.37767604,226,0.03,0.847826087,0.068097894,VS,bioregprop,0.235410844,114230
793,0.11539,10.5007,115.76,I,30.03861347,1,0,0.5,0.063168026,WPS,bioregprop,0,115390
1997,0.11621,16.9473,120.24,I,31.42186791,242,0.03,0.956521739,0.069826039,WPS,bioregprop,0.238381537,116210
3348,0.1167,11.8349,124.64,I,13.43121334,242,0.03,0.847826087,0.072192349,VS,bioregprop,0.238381537,116700
2098,0.11796,14.2508,120.5601,I,32.73324021,2405,0.07,0.934782609,0.063863475,WPS,bioregprop,0.338111508,117960
3402,0.11801,10.8152,125.04,I,28.62831866,242,0.03,0.782608696,0.074657783,VS,bioregprop,0.238381537,118010
3415,0.11804,10.7366,125.12,V,4.728584088,242,0.03,0.782608696,0.07452367,VS,bioregprop,0.238381537,118040
2521,0.11846,7.3398,122,Outlier,51.95387339,140,0.03,0.173913043,0.07306513,SS,bioregprop,0.214612804,118460
2476,0.11852,5.9891,121.92,I,24.602291,115,0.03,0.043478261,0.072563858,CS,bioregprop,0.206069784,118520
3438,0.12143,12.6168,125.2,I,35.84804076,200,0.03,0.869565217,0.074307541,NPS,bioregprop,0.230103,121430
3264,0.12154,6.0686,124.3199,I,13.547053,242,0.03,0.152173913,0.080801458,CS,bioregprop,0.238381537,121540
1414,0.1217,7.5778,118.24,I,42.23619632,242,0.03,0.152173913,0.067675207,SS,bioregprop,0.238381537,121700
2835,0.12199,8.6074,123.12,II,7.484704701,242,0.03,0.434782609,0.064742955,SS,bioregprop,0.238381537,121990
2813,0.12202,8.5283,123.04,I,32.78403041,630,0.05,0.434782609,0.065625388,SS,bioregprop,0.279934055,122020
2053,0.12313,17.4822,120.4,I,25.14941219,846,0.06,0.956521739,0.070577331,WPS,bioregprop,0.292737036,123130
2482,0.12352,7.3398,121.92,I,45.75493868,242,0.03,0.173913043,0.072999948,SS,bioregprop,0.238381537,123520
1861,0.12506,5.8299,119.84,II,8.514625339,242,0.03,0.065217391,0.073626332,SS,bioregprop,0.238381537,125060
3575,0.12549,6.3072,125.6801,I,34.454139,303,0.04,0.173913043,0.068665522,CS,bioregprop,0.248144263,125490
3158,0.12628,13.7073,124,II,23.37798131,334,0.04,0.913043478,0.071187031,NPS,bioregprop,0.252374647,126280
3454,0.12687,5.6707,125.28,II,12.59515,216,0.03,0.108695652,0.078593027,CS,nearest1,0.233445375,126870
2883,0.12759,13.3184,123.2,I,37.66036074,680,0.05,0.869565217,0.066991754,VS,bioregprop,0.283250891,127590
2467,0.1284,18.7747,121.84,I,32.23599675,242,0.03,0.956521739,0.06383233,NPS,bioregprop,0.238381537,128400
1533,0.12929,10.422,118.5601,I,19.96107918,13,0,0.5,0.061921195,WPS,bioregprop,0.111394335,129290
1719,0.12962,9.8708,119.36,I,26.8161108,242,0.03,0.456521739,0.066419229,SS,bioregprop,0.238381537,129620
1763,0.13055,11.5216,119.52,I,36.87151882,242,0.03,0.717391304,0.059229211,WPS,bioregprop,0.238381537,130550
2726,0.13081,11.5999,122.64,VI,19.49117364,284,0.03,0.760869565,0.064877958,VS,bioregprop,0.245331834,130810
2905,0.13128,11.7566,123.28,III,28.02039459,242,0.03,0.826086957,0.059130669,VS,bioregprop,0.238381537,131280
2934,0.13132,11.6783,123.36,III,53.43063841,246,0.03,0.826086957,0.059222628,VS,bioregprop,0.239093511,131320
1961,0.13149,11.3647,120.16,I,27.98970868,68,0,0.630434783,0.062180246,SS,bioregprop,0.183250891,131490
3105,0.13419,13.6296,123.84,I,35.88030071,242,0.03,0.891304348,0.070663097,NPS,bioregprop,0.238381537,134190
1675,0.13449,11.3647,119.12,I,27.30710547,38,0,0.652173913,0.058192637,WPS,bioregprop,0.15797836,134490
3317,0.13459,5.9095,124.5601,I,20.85101,116,0.03,0.130434783,0.082919092,CS,bioregprop,0.206445799,134590
3652,0.1351,6.4662,126.24,II,21.31631397,79,0,0.260869565,0.07433522,SPS,bioregprop,0.189762709,135100
2599,0.13529,19.0774,122.16,I,6.438254618,40,0,0.97826087,0.066930003,NPS,bioregprop,0.160205999,135290
2767,0.13623,13.5518,122.8,V,8.910818584,242,0.03,0.869565217,0.067715488,VS,bioregprop,0.238381537,136230
1035,0.13649,11.1293,116.96,I,52.84224754,2,0,0.565217391,0.057834579,WPS,bioregprop,0.030103,136490
3382,0.13835,5.8299,124.88,I,50.975258,242,0.03,0.108695652,0.082562377,CS,nearest1,0.238381537,138350
2090,0.139,11.3647,120.5601,I,22.13151178,242,0.03,0.652173913,0.062822034,SS,bioregprop,0.238381537,139000
1315,0.13992,9.3976,117.92,I,33.71334724,15,0,0.391304348,0.065724222,WPS,bioregprop,0.117609126,139920
2139,0.14076,6.3072,120.72,I,36.22453845,242,0.03,0.065217391,0.074344495,SS,bioregprop,0.238381537,140760
2124,0.14126,14.4832,120.64,I,38.92659744,242,0.03,0.934782609,0.062473745,WPS,bioregprop,0.238381537,141260
1716,0.14258,4.9538,119.36,I,13.412914,27,0,0.02173913,0.076030574,CS,bioregprop,0.143136376,142580
2299,0.1427,6.1482,121.36,I,31.843693,242,0.03,0.065217391,0.071562313,CS,bioregprop,0.238381537,142700
3347,0.14282,11.7566,124.64,I,19.06531253,242,0.03,0.847826087,0.072656788,VS,bioregprop,0.238381537,142820
1055,0.14304,7.6571,117.12,I,34.92518829,12,0,0.152173913,0.067963088,SS,bioregprop,0.107918125,143040
2181,0.14455,13.5518,120.8,I,32.67290044,242,0.03,0.891304348,0.065945724,WPS,bioregprop,0.238381537,144550
3334,0.14574,8.6074,124.64,III,11.49379379,242,0.03,0.52173913,0.073678377,VS,nearest1,0.238381537,145740
2906,0.14824,11.8349,123.28,I,29.06126445,224,0.03,0.847826087,0.059325282,VS,bioregprop,0.235024802,148240
1341,0.15017,9.6343,118,I,12.10518801,13,0,0.391304348,0.066370452,WPS,bioregprop,0.111394335,150170
3401,0.1505,9.8708,125.04,I,22.12392449,239,0.03,0.673913043,0.06553583,VS,bioregprop,0.23783979,150500
2710,0.15096,13.1627,122.5601,I,31.37432919,374,0.04,0.869565217,0.065748145,VS,bioregprop,0.25728716,150960
2027,0.15127,17.6348,120.3199,VII,0.207563148,727,0.05,0.956521739,0.071140039,WPS,nearest1,0.286153441,151270
2483,0.152,10.3434,121.92,III,45.03366166,242,0.03,0.586956522,0.061958575,SS,bioregprop,0.238381537,152000
2723,0.15258,8.2117,122.64,I,55.32032659,240,0.03,0.391304348,0.069823614,SS,bioregprop,0.238021124,152580
3085,0.15265,6.9429,123.84,I,26.541498,242,0.03,0.217391304,0.072687062,CS,bioregprop,0.238381537,152650
2741,0.15266,8.1326,122.72,III,45.36707775,222,0.03,0.347826087,0.070741153,SS,bioregprop,0.234635297,152660
2977,0.15326,9.6343,123.52,I,22.36975206,242,0.03,0.586956522,0.070552215,VS,bioregprop,0.238381537,153260
3118,0.15332,7.4192,123.92,I,25.2869,242,0.03,0.282608696,0.069180582,CS,bioregprop,0.238381537,153320
3534,0.15361,6.9429,125.52,I,44.167949,2068,0.07,0.282608696,0.058512833,CS,bioregprop,0.331555053,153610
963,0.15398,11.2863,116.72,I,57.18344538,242,0.03,0.586956522,0.057257181,WPS,bioregprop,0.238381537,153980
1204,0.15459,9.3186,117.6,I,29.21872331,10,0,0.391304348,0.06362098,WPS,bioregprop,0.1,154590
2544,0.15553,18.3196,122,I,14.35462582,224,0.03,0.956521739,0.06484979,NPS,bioregprop,0.235024802,155530
2403,0.15705,14.4058,121.6801,I,13.74187925,717,0.05,0.891304348,0.06930717,NPS,bioregprop,0.285551916,157050
1196,0.15898,7.6571,117.6,I,14.38570016,10,0,0.130434783,0.067142399,SS,bioregprop,0.1,158980
3130,0.16062,12.5387,123.92,V,9.432974194,242,0.03,0.869565217,0.062871852,VS,bioregprop,0.238381537,160620
1935,0.16071,11.2078,120.08,I,10.2486388,242,0.03,0.652173913,0.063139212,SS,bioregprop,0.238381537,160710
644,0.16072,8.7656,114.16,I,25.28105032,1,0,0.326086957,0.072994674,WPS,bioregprop,0,160720
1280,0.16187,8.5283,117.84,I,11.45930457,15,0,0.260869565,0.062657374,SS,bioregprop,0.117609126,161870
2614,0.16247,18.0916,122.24,II,32.14871287,242,0.03,0.956521739,0.066546178,NPS,bioregprop,0.238381537,162470
2879,0.16261,13.0068,123.2,V,7.558680175,320,0.04,0.869565217,0.063614869,VS,bioregprop,0.250514998,162610
1759,0.16317,4.8741,119.52,I,35.000889,32,0,0.02173913,0.076640809,CS,nearest1,0.150514998,163170
1736,0.1634,4.9538,119.4399,I,45.131061,30,0,0.02173913,0.076323399,CS,nearest1,0.147712125,163400
2195,0.16372,9.6343,120.88,I,43.01444535,242,0.03,0.5,0.067565633,SS,bioregprop,0.238381537,163720
2208,0.16374,5.5911,120.96,I,44.391328,75,0,0.043478261,0.074622288,CS,bioregprop,0.187506126,163740
2604,0.16376,12.4606,122.24,III,44.95502625,261,0.03,0.847826087,0.063982091,VS,nearest1,0.241664051,163760
3318,0.16565,5.9891,124.5601,I,14.178641,81,0,0.152173913,0.082400148,CS,bioregprop,0.190848502,165650
865,0.16641,9.7131,116.3199,I,44.00930352,242,0.03,0.413043478,0.065091738,WPS,bioregprop,0.238381537,166410
986,0.16641,11.2863,116.8,V,4.920864489,2,0,0.586956522,0.05732049,WPS,bioregprop,0.030103,166410
2861,0.16667,9.0027,123.2,I,19.62441155,242,0.03,0.47826087,0.065820572,SS,bioregprop,0.238381537,166670
2610,0.16679,14.9475,122.24,VII,0.002250844,242,0.03,0.934782609,0.074031557,NPS,nearest1,0.238381537,166790
3103,0.16711,12.3825,123.84,I,11.99311501,242,0.03,0.869565217,0.061113898,VS,bioregprop,0.238381537,167110
2637,0.16711,14.8702,122.3199,V,3.961994046,289,0.03,0.934782609,0.074164926,NPS,nearest1,0.246089784,167110
1153,0.16823,8.8447,117.4399,VI,14.30148454,18,0,0.347826087,0.061840761,WPS,bioregprop,0.125527251,168230
1483,0.16982,9.9496,118.4,I,2.502167913,24,0,0.456521739,0.065878752,WPS,bioregprop,0.138021124,169820
2152,0.17215,12.6948,120.72,I,29.1745734,238,0.03,0.847826087,0.06728848,WPS,bioregprop,0.237657696,172150
2560,0.17335,10.5007,122.08,I,31.13393348,562,0.05,0.608695652,0.061463961,SS,bioregprop,0.274973632,173350
937,0.17556,10.9723,116.64,I,29.081828,1,0,0.52173913,0.058788881,WPS,bioregprop,0,175560
2442,0.17597,6.7841,121.84,I,30.34223637,242,0.03,0.130434783,0.068474101,SS,bioregprop,0.238381537,175970
3673,0.17598,7.1017,126.48,V,1.487788257,397,0.04,0.282608696,0.075888046,SPS,bioregprop,0.259879051,175980
3243,0.17683,11.5999,124.24,I,36.40285916,267,0.03,0.847826087,0.069734387,VS,bioregprop,0.242651126,176830
3654,0.17858,6.6252,126.24,V,2.771636066,70,0,0.282608696,0.074178289,SPS,bioregprop,0.184509804,178580
2274,0.17927,6.1482,121.28,I,16.19046794,131,0.03,0.065217391,0.071958635,SS,bioregprop,0.21172713,179270
1342,0.17949,9.7131,118,I,29.6885491,12,0,0.391304348,0.065920109,WPS,bioregprop,0.107918125,179490
2484,0.18129,10.5794,121.92,III,41.35991375,242,0.03,0.630434783,0.063488728,SS,bioregprop,0.238381537,181290
2940,0.18244,12.7729,123.36,I,3.421803632,327,0.04,0.869565217,0.061963529,VS,bioregprop,0.251454775,182440
1379,0.18329,9.9496,118.08,I,30.95275491,11,0,0.434782609,0.064632957,WPS,bioregprop,0.104139269,183290
2667,0.18396,16.7176,122.4,I,53.52347709,155,0.03,0.934782609,0.076206236,NPS,bioregprop,0.21903317,183960
3641,0.18408,9.4765,126.08,II,10.95566659,154,0.03,0.608695652,0.071903165,SPS,bioregprop,0.218752072,184080
756,0.18492,10.8152,114.8,I,37.21398546,242,0.03,0.52173913,0.062807775,WPS,bioregprop,0.238381537,184920
3557,0.18695,6.5457,125.6,I,28.799028,312,0.04,0.217391304,0.064000816,CS,bioregprop,0.249415459,186950
1255,0.18725,9.3186,117.76,I,22.58654368,12,0,0.369565217,0.064460696,WPS,bioregprop,0.107918125,187250
2014,0.18767,12.6168,120.3199,I,19.85513601,242,0.03,0.782608696,0.063153587,WPS,bioregprop,0.238381537,187670
3109,0.18819,6.3867,123.92,I,37.906755,242,0.03,0.152173913,0.077340899,CS,bioregprop,0.238381537,188190
3503,0.19096,6.7046,125.4399,I,43.264808,942,0.06,0.239130435,0.058702626,CS,nearest1,0.29740509,190960
2898,0.19277,10.1072,123.28,I,35.79475813,364,0.04,0.630434783,0.074195728,VS,bioregprop,0.256110138,192770
2939,0.19277,12.6168,123.36,I,25.15635225,242,0.03,0.869565217,0.061804748,VS,bioregprop,0.238381537,192770
1600,0.19394,9.6343,118.8,I,29.62468029,242,0.03,0.413043478,0.0673732,SS,bioregprop,0.238381537,193940
1456,0.19454,9.9496,118.3199,I,45.96419135,19,0,0.434782609,0.065862074,WPS,bioregprop,0.12787536,194540
2511,0.19607,19.0774,121.92,II,16.56243703,242,0.03,0.97826087,0.064725672,NPS,bioregprop,0.238381537,196070
2549,0.19615,19.0018,122,I,34.80643598,47,0,0.97826087,0.065219362,NPS,bioregprop,0.167209786,196150
3376,0.19708,9.2397,124.8,V,6.776945662,452,0.04,0.565217391,0.067898227,VS,bioregprop,0.265513843,197080
3363,0.19759,9.3186,124.72,III,33.56048004,242,0.03,0.586956522,0.067005977,VS,bioregprop,0.238381537,197590
1628,0.19925,10.8152,118.88,I,48.11368792,20,0,0.543478261,0.060130736,WPS,bioregprop,0.130103,199250
2894,0.20061,9.792,123.28,I,16.2477489,242,0.03,0.586956522,0.075072254,VS,nearest1,0.238381537,200610
2547,0.20372,18.5473,122,I,17.86967397,242,0.03,0.956521739,0.06452871,NPS,nearest1,0.238381537,203720
2742,0.20724,10.422,122.72,I,14.57455364,660,0.05,0.630434783,0.06190589,SS,bioregprop,0.281954394,207240
2538,0.20759,13.7073,122,I,31.46349615,242,0.03,0.891304348,0.064600915,VS,bioregprop,0.238381537,207590
2003,0.20768,5.5115,120.3199,I,5.885454,242,0.03,0.043478261,0.070168827,CS,bioregprop,0.238381537,207680
3669,0.20781,8.8447,126.4,VII,0.918041949,185,0.03,0.543478261,0.071676743,SPS,nearest1,0.226717173,207810
3012,0.20789,10.422,123.6,IV,14.04908737,1347,0.07,0.652173913,0.072834125,VS,bioregprop,0.31293676,207890
2261,0.20826,11.1293,121.2,I,20.15763884,106,0.03,0.630434783,0.065889405,SS,bioregprop,0.202530587,208260
2310,0.20943,13.3184,121.36,V,9.871737703,242,0.03,0.891304348,0.064582191,VS,bioregprop,0.238381537,209430
2676,0.21061,10.0284,122.48,II,7.7088064,242,0.03,0.586956522,0.062288308,SS,nearest1,0.238381537,210610
2969,0.21137,13.0068,123.4399,I,28.19932669,632,0.05,0.869565217,0.063620201,VS,bioregprop,0.280071708,211370
3172,0.21151,10.422,124.08,V,1.507555177,2336,0.07,0.695652174,0.073429765,VS,bioregprop,0.336847284,211510
3665,0.21269,9.0027,126.3199,II,15.06299186,297,0.03,0.543478261,0.071196353,SPS,nearest1,0.247275645,212690
1896,0.21287,10.7366,119.92,I,22.54417326,47,0,0.565217391,0.066446392,SS,bioregprop,0.167209786,212870
1915,0.21293,10.658,120,I,15.51593847,45,0,0.565217391,0.067298017,SS,bioregprop,0.165321251,212930
871,0.21408,11.1293,116.3199,I,21.62719279,1,0,0.52173913,0.059885833,WPS,bioregprop,0,214080
3324,0.21495,11.6783,124.5601,I,54.05583202,242,0.03,0.847826087,0.07288367,VS,bioregprop,0.238381537,214950
2968,0.21514,12.9289,123.4399,III,53.20861374,242,0.03,0.869565217,0.062735098,VS,bioregprop,0.238381537,215140
1666,0.21557,4.6349,119.12,II,14.96458,21,0,0.02173913,0.074260665,CS,bioregprop,0.132221929,215570
977,0.21679,9.4765,116.8,I,7.201774714,242,0.03,0.413043478,0.062231279,WPS,bioregprop,0.238381537,216790
1928,0.21704,5.3522,120.08,I,62.874116,27,0,0.02173913,0.071068316,CS,bioregprop,0.143136376,217040
2123,0.2202,14.4058,120.64,I,36.31156991,242,0.03,0.934782609,0.062855662,WPS,bioregprop,0.238381537,220200
1392,0.22074,8.0534,118.16,Outlier,29.67605072,8,0,0.173913043,0.064438366,SS,bioregprop,0.090308999,220740
1377,0.22089,9.792,118.08,I,10.22309201,12,0,0.413043478,0.065952801,WPS,bioregprop,0.107918125,220890
2466,0.22106,16.0268,121.84,II,30.22038987,466,0.04,0.934782609,0.070727383,NPS,bioregprop,0.266838592,221060
3147,0.22139,9.5554,124,IV,22.38731999,1863,0.07,0.565217391,0.066382641,VS,bioregprop,0.327021285,221390
3159,0.22378,13.8627,124,I,36.30106644,242,0.03,0.913043478,0.071716942,NPS,nearest1,0.238381537,223780
2672,0.22427,8.1326,122.48,Outlier,50.5852586,144,0.03,0.326086957,0.070567172,SS,bioregprop,0.215836249,224270
1971,0.22539,14.6381,120.16,I,39.79015251,242,0.03,0.913043478,0.06454644,WPS,bioregprop,0.238381537,225390
1437,0.22569,6.2277,118.3199,I,39.62103596,26,0,0.065217391,0.070664406,SS,bioregprop,0.141497335,225690
2900,0.22591,11.1293,123.28,V,7.08436516,451,0.04,0.717391304,0.062077057,VS,bioregprop,0.265417654,225910
3123,0.22612,9.5554,123.92,I,27.83613325,1771,0.07,0.565217391,0.066570358,VS,bioregprop,0.324821856,226120
2606,0.22807,12.6948,122.24,I,35.47387655,242,0.03,0.847826087,0.064291995,VS,bioregprop,0.238381537,228070
2631,0.2282,12.6168,122.3199,I,29.17441803,242,0.03,0.847826087,0.064381809,VS,nearest1,0.238381537,228200
1455,0.22854,9.8708,118.3199,I,31.70878942,20,0,0.434782609,0.06646047,WPS,bioregprop,0.130103,228540
3216,0.22947,12.6948,124.16,I,15.96338686,628,0.05,0.869565217,0.066360636,NPS,bioregprop,0.279795964,229470
1399,0.22993,9.9496,118.16,I,13.5883086,13,0,0.434782609,0.065249868,WPS,bioregprop,0.111394335,229930
3008,0.23423,9.4765,123.6,V,2.700761492,242,0.03,0.565217391,0.067729991,VS,nearest1,0.238381537,234230
3309,0.23429,10.7366,124.48,VI,14.27477207,1299,0.07,0.760869565,0.072470595,VS,bioregprop,0.311360915,234290
2961,0.23575,11.6783,123.4399,I,38.76112839,242,0.03,0.826086957,0.059537876,VS,bioregprop,0.238381537,235750
3432,0.23695,9.8708,125.2,V,0.995160307,242,0.03,0.673913043,0.066579958,VS,bioregprop,0.238381537,236950
3266,0.23802,9.5554,124.3199,IV,11.35407766,537,0.05,0.565217391,0.065815106,VS,bioregprop,0.272997429,238020
2382,0.23813,12.6948,121.6,I,18.0090585,393,0.04,0.847826087,0.064507752,VS,bioregprop,0.259439255,238130
3028,0.23823,13.6296,123.6,I,29.60237796,749,0.05,0.869565217,0.070670709,NPS,bioregprop,0.287448182,238230
2805,0.23898,14.3283,122.96,II,30.32773577,367,0.04,0.913043478,0.072515278,NPS,bioregprop,0.256466606,238980
3076,0.24012,12.6168,123.76,III,63.83562072,242,0.03,0.869565217,0.061380602,VS,bioregprop,0.238381537,240120
2882,0.24033,13.2406,123.2,III,44.10008299,242,0.03,0.869565217,0.066102499,VS,bioregprop,0.238381537,240330
2559,0.24346,7.8949,122.08,I,27.47657353,242,0.03,0.260869565,0.072279808,SS,bioregprop,0.238381537,243460
2049,0.24405,14.018,120.4,I,45.35840286,242,0.03,0.913043478,0.065537674,WPS,bioregprop,0.238381537,244050
2255,0.24621,6.1482,121.2,I,47.15960991,205,0.03,0.065217391,0.072347751,SS,bioregprop,0.231175386,246210
1903,0.24643,15.1793,119.92,I,28.80426025,741,0.05,0.913043478,0.062916256,WPS,bioregprop,0.286981821,246430
1128,0.24649,7.6571,117.36,I,28.82275675,11,0,0.130434783,0.066887885,SS,bioregprop,0.104139269,246490
2500,0.24662,12.9289,121.92,III,31.6823262,242,0.03,0.847826087,0.063296434,VS,bioregprop,0.238381537,246620
3543,0.24682,11.8349,125.52,II,22.31177106,254,0.03,0.869565217,0.07415251,NPS,nearest1,0.240483372,246820
3679,0.2469,8.2909,126.48,VII,0.467942037,207,0.03,0.52173913,0.070392353,SPS,bioregprop,0.231597035,246900
1150,0.24691,7.5778,117.4399,Outlier,32.64052999,11,0,0.130434783,0.067315596,SS,bioregprop,0.104139269,246910
1423,0.24776,10.0284,118.24,I,23.89489793,14,0,0.434782609,0.065011222,WPS,bioregprop,0.114612804,247760
1139,0.2491,9.3186,117.36,I,26.83809179,242,0.03,0.391304348,0.06253617,WPS,bioregprop,0.238381537,249100
1117,0.24969,11.5999,117.28,I,33.89867844,242,0.03,0.608695652,0.058943597,WPS,bioregprop,0.238381537,249690
2417,0.25098,12.9289,121.76,I,29.0290756,314,0.04,0.847826087,0.063686662,VS,bioregprop,0.249692965,250980
2401,0.25123,13.0068,121.6801,IV,18.93710926,385,0.04,0.847826087,0.064053128,VS,bioregprop,0.258546073,251230
2400,0.25138,12.8509,121.6801,I,13.34527864,242,0.03,0.847826087,0.064079436,VS,bioregprop,0.238381537,251380
2582,0.2529,7.8949,122.16,I,10.08810782,136,0.03,0.260869565,0.072479533,SS,bioregprop,0.213353891,252900
1902,0.2549,15.102,119.92,I,5.537049625,720,0.05,0.913043478,0.063013048,WPS,bioregprop,0.28573325,254900
2406,0.25498,15.9499,121.6801,I,16.94222899,629,0.05,0.934782609,0.070043738,NPS,bioregprop,0.279865065,254980
3436,0.25597,11.0508,125.2,III,28.24182522,330,0.04,0.847826087,0.076189884,VS,bioregprop,0.251851394,255970
2305,0.25705,9.9496,121.36,I,22.29064811,87,0,0.52173913,0.069588952,SS,bioregprop,0.193951925,257050
2814,0.25707,9.0027,123.04,I,15.94386733,242,0.03,0.47826087,0.067579322,SS,bioregprop,0.238381537,257070
3212,0.25767,12.3043,124.16,V,8.310967745,242,0.03,0.869565217,0.064760982,VS,bioregprop,0.238381537,257670
3599,0.25824,11.1293,125.76,I,33.6887557,238,0.03,0.847826087,0.078179912,SPS,bioregprop,0.237657696,258240
3054,0.26074,13.5518,123.6801,I,7.239587233,683,0.05,0.869565217,0.070258495,NPS,nearest1,0.28344207,260740
1364,0.26106,7.8156,118.08,I,33.66145097,242,0.03,0.173913043,0.065416737,SS,bioregprop,0.238381537,261060
2522,0.26169,7.4192,122,Outlier,51.65772336,242,0.03,0.195652174,0.073594739,SS,bioregprop,0.238381537,261690
3000,0.26203,12.9289,123.52,I,21.52876576,565,0.05,0.869565217,0.062922914,VS,bioregprop,0.275204845,262030
1278,0.26244,7.1811,117.84,III,33.36247678,12,0,0.130434783,0.070320321,SS,bioregprop,0.107918125,262440
873,0.26269,11.2863,116.3199,VI,16.70589595,242,0.03,0.565217391,0.059296346,WPS,bioregprop,0.238381537,262690
2675,0.26301,9.5554,122.48,I,20.13171274,360,0.04,0.5,0.068555896,SS,nearest1,0.25563025,263010
3590,0.26545,9.792,125.76,II,7.640553617,196,0.03,0.717391304,0.069864953,SPS,bioregprop,0.229225607,265450
2348,0.26607,6.2277,121.52,I,24.269361,68,0,0.065217391,0.070215382,CS,bioregprop,0.183250891,266070
3206,0.26778,11.5216,124.16,III,14.81661263,242,0.03,0.847826087,0.068844028,VS,bioregprop,0.238381537,267780
3020,0.26851,11.5216,123.6,VI,11.57697229,217,0.03,0.826086957,0.061848164,VS,bioregprop,0.233645973,268510
2591,0.26869,13.3184,122.16,I,28.86342315,545,0.05,0.869565217,0.064807165,VS,bioregprop,0.27363965,268690
2565,0.26885,13.2406,122.08,VI,24.08122616,496,0.04,0.869565217,0.064152392,VS,bioregprop,0.269548168,268850
3175,0.26908,10.8938,124.08,VI,22.5808937,713,0.05,0.760869565,0.072005615,VS,bioregprop,0.285308953,269080
3211,0.2695,12.1479,124.16,III,33.80129977,242,0.03,0.847826087,0.065954778,VS,bioregprop,0.238381537,269500
3249,0.26958,12.0697,124.24,V,0.320977511,243,0.03,0.847826087,0.067563511,VS,bioregprop,0.238560627,269580
3210,0.26966,11.9915,124.16,I,24.74022183,226,0.03,0.847826087,0.066800827,VS,bioregprop,0.235410844,269660
1831,0.27083,10.9723,119.76,I,15.75607053,46,0,0.565217391,0.063819862,SS,bioregprop,0.166275783,270830
2967,0.27161,12.5387,123.4399,I,5.936607852,294,0.03,0.869565217,0.061395128,VS,bioregprop,0.246834733,271610
2743,0.27272,11.6783,122.72,V,13.24637463,242,0.03,0.804347826,0.064880842,VS,bioregprop,0.238381537,272720
2951,0.27481,10.2646,123.4399,I,12.44805,242,0.03,0.630434783,0.073189119,VS,bioregprop,0.238381537,274810
1673,0.27546,10.9723,119.12,I,28.93877773,242,0.03,0.565217391,0.059594939,WPS,bioregprop,0.238381537,275460
3508,0.27818,9.2397,125.4399,V,1.081097087,242,0.03,0.565217391,0.070806585,VS,bioregprop,0.238381537,278180
3650,0.27886,6.3072,126.24,III,57.21090971,636,0.05,0.217391304,0.074076891,SPS,bioregprop,0.280345712,278860
3644,0.27891,6.2277,126.16,I,56.848235,242,0.03,0.173913043,0.073239321,CS,nearest1,0.238381537,278910
1527,0.28096,9.0817,118.5601,I,24.34400827,242,0.03,0.347826087,0.067361099,SS,bioregprop,0.238381537,280960
1413,0.28111,7.2605,118.24,I,15.8267068,242,0.03,0.130434783,0.070183329,SS,bioregprop,0.238381537,281110
1163,0.28237,11.6783,117.4399,I,20.06587066,242,0.03,0.608695652,0.059809318,WPS,bioregprop,0.238381537,282370
3023,0.28238,11.7566,123.6,VI,18.20138541,209,0.03,0.847826087,0.060198999,VS,bioregprop,0.232014629,282380
1287,0.28332,9.4765,117.84,VI,19.54502758,11,0,0.391304348,0.065255851,WPS,bioregprop,0.104139269,283320
2698,0.28427,7.3398,122.5601,I,11.208113,242,0.03,0.217391304,0.072643472,CS,bioregprop,0.238381537,284270
2850,0.28475,12.6168,123.12,I,19.37799121,242,0.03,0.869565217,0.062999818,VS,bioregprop,0.238381537,284750
954,0.28485,10.5007,116.72,I,33.98194614,1,0,0.5,0.061273441,WPS,bioregprop,0,284850
1208,0.28513,15.102,117.6,I,32.00565063,242,0.03,0.869565217,0.070069319,WPS,bioregprop,0.238381537,285130
3339,0.28562,9.8708,124.64,I,19.77581414,435,0.04,0.673913043,0.066053152,VS,bioregprop,0.263848926,285620
3165,0.2874,6.1482,124.08,II,13.98216,242,0.03,0.130434783,0.079631864,CS,bioregprop,0.238381537,287400
3052,0.28831,12.6948,123.6801,I,39.84588338,242,0.03,0.869565217,0.061379834,VS,bioregprop,0.238381537,288310
2288,0.29051,13.5518,121.28,I,22.44020125,242,0.03,0.891304348,0.063481343,VS,nearest1,0.238381537,290510
2893,0.29106,9.7131,123.28,I,42.20595118,242,0.03,0.586956522,0.074122109,VS,bioregprop,0.238381537,291060
1257,0.29279,9.4765,117.76,I,20.033283,10,0,0.369565217,0.064644232,WPS,bioregprop,0.1,292790
1286,0.29285,9.3976,117.84,I,35.2402413,13,0,0.369565217,0.065126349,WPS,bioregprop,0.111394335,292850
2216,0.29566,10.658,120.96,I,52.51743195,88,0,0.565217391,0.066689206,SS,bioregprop,0.194448267,295660
2380,0.29614,11.9132,121.6,I,27.00789963,230,0.03,0.739130435,0.064911848,SS,bioregprop,0.236172784,296140
2155,0.29726,13.6296,120.72,I,15.2222507,242,0.03,0.891304348,0.066001066,WPS,nearest1,0.238381537,297260
1932,0.29801,6.0686,120.08,I,40.75395506,242,0.03,0.065217391,0.073781566,SS,bioregprop,0.238381537,298010
3533,0.30094,6.6252,125.52,I,39.851353,372,0.04,0.239130435,0.060648168,CS,bioregprop,0.257054294,300940
2086,0.30251,6.0686,120.5601,III,37.0266972,242,0.03,0.065217391,0.07234321,SS,bioregprop,0.238381537,302510
2062,0.30264,5.9891,120.48,I,11.3442422,44,0,0.065217391,0.071705894,SS,bioregprop,0.164345268,302640
2265,0.30296,12.0697,121.2,I,36.24774563,242,0.03,0.760869565,0.064897037,SS,bioregprop,0.238381537,302960
1605,0.30495,10.8152,118.8,I,30.64467302,18,0,0.52173913,0.060180385,WPS,bioregprop,0.125527251,304950
2588,0.30522,12.6948,122.16,VI,10.75780722,242,0.03,0.847826087,0.063994222,VS,bioregprop,0.238381537,305220
1994,0.30548,16.7176,120.24,I,10.70454638,242,0.03,0.934782609,0.068427731,WPS,bioregprop,0.238381537,305480
3345,0.30679,10.5794,124.64,VI,12.5978405,353,0.04,0.739130435,0.071761155,VS,nearest1,0.254777471,306790
2803,0.30684,13.4741,122.96,I,43.05470534,242,0.03,0.869565217,0.067555486,VS,bioregprop,0.238381537,306840
2682,0.30718,12.3825,122.48,I,21.91399957,292,0.03,0.847826087,0.064314592,VS,bioregprop,0.246538285,307180
1203,0.30756,9.2397,117.6,I,27.61986996,11,0,0.391304348,0.063538586,WPS,bioregprop,0.104139269,307560
2183,0.30839,13.7073,120.8,I,10.07671508,242,0.03,0.891304348,0.064895357,WPS,nearest1,0.238381537,308390
2242,0.3088,10.8152,121.12,I,36.74459722,172,0.03,0.630434783,0.066251644,SS,bioregprop,0.223552845,308800
3556,0.30946,6.4662,125.6,I,20.193521,232,0.03,0.217391304,0.065456472,CS,bioregprop,0.236548798,309460
2249,0.31069,18.8504,121.12,I,33.14146643,242,0.03,0.956521739,0.070048664,WPS,bioregprop,0.238381537,310690
1028,0.31154,8.4492,116.96,I,27.91945456,7,0,0.326086957,0.057652439,WPS,bioregprop,0.084509804,311540
2982,0.3125,10.658,123.52,I,5.262855553,619,0.05,0.717391304,0.069163165,VS,bioregprop,0.279169065,312500
3176,0.31595,10.9723,124.08,I,4.298150423,713,0.05,0.760869565,0.071319621,VS,bioregprop,0.285308953,315950
2892,0.31596,9.6343,123.28,I,2.418372026,242,0.03,0.586956522,0.073094438,VS,nearest1,0.238381537,315960
3326,0.31662,12.6168,124.5601,II,17.16526559,239,0.03,0.869565217,0.068008958,NPS,nearest1,0.23783979,316620
2989,0.3181,11.5216,123.52,I,27.50800209,221,0.03,0.804347826,0.061170247,VS,bioregprop,0.234439227,318100
3416,0.31823,10.9723,125.12,I,28.97957981,412,0.04,0.826086957,0.075666835,VS,bioregprop,0.261489722,318230
1580,0.31868,10.8152,118.72,I,36.10804074,16,0,0.52173913,0.060274188,WPS,bioregprop,0.120411998,318680
2849,0.32028,12.5387,123.12,I,17.98020074,242,0.03,0.869565217,0.063041094,VS,bioregprop,0.238381537,320280
1674,0.32214,11.1293,119.12,I,38.75387076,242,0.03,0.630434783,0.058783432,WPS,nearest1,0.238381537,322140
1179,0.32241,9.2397,117.52,I,23.63864826,9,0,0.391304348,0.063173061,WPS,bioregprop,0.095424251,322410
2830,0.32302,14.4832,123.04,I,6.294903601,234,0.03,0.913043478,0.072975118,NPS,bioregprop,0.236921586,323020
1343,0.32404,9.792,118,I,19.00459274,11,0,0.391304348,0.065289881,WPS,bioregprop,0.104139269,324040
2528,0.32529,10.422,122,I,32.54741571,527,0.05,0.608695652,0.061699326,SS,bioregprop,0.272181062,325290
2749,0.32605,13.2406,122.72,VI,14.49850385,447,0.04,0.869565217,0.066105657,VS,bioregprop,0.265030752,326050
2730,0.32607,13.1627,122.64,VI,7.105541934,444,0.04,0.869565217,0.065744982,VS,bioregprop,0.264738297,326070
3183,0.32814,11.9915,124.08,V,8.761518619,261,0.03,0.847826087,0.065408753,VS,bioregprop,0.241664051,328140
3197,0.33065,8.2909,124.16,IV,19.30981265,242,0.03,0.47826087,0.070983259,VS,bioregprop,0.238381537,330650
2556,0.3313,7.6571,122.08,I,26.55194066,180,0.03,0.260869565,0.074030638,SS,bioregprop,0.225527251,331300
2798,0.33585,12.3043,122.96,I,31.36747924,190,0.03,0.869565217,0.064164231,VS,bioregprop,0.22787536,335850
1358,0.33661,6.8635,118.08,I,27.06913954,12,0,0.108695652,0.07065427,SS,bioregprop,0.107918125,336610
1660,0.33719,11.2078,119.04,I,25.61677619,34,0,0.630434783,0.058387937,WPS,bioregprop,0.153147892,337190
3059,0.33803,7.6571,123.76,I,25.084013,242,0.03,0.347826087,0.068964446,CS,bioregprop,0.238381537,338030
3274,0.33817,11.1293,124.3199,III,42.65411335,290,0.03,0.804347826,0.071298849,VS,bioregprop,0.2462398,338170
3298,0.3398,12.1479,124.4,I,33.91376368,275,0.03,0.869565217,0.068284855,VS,bioregprop,0.243933269,339800
2121,0.34093,13.0848,120.64,I,18.43312846,242,0.03,0.869565217,0.067903833,WPS,nearest1,0.238381537,340930
2821,0.34096,12.0697,123.04,VI,14.17119636,225,0.03,0.847826087,0.06333835,VS,bioregprop,0.235218252,340960
2430,0.34141,15.102,121.76,I,50.55771678,242,0.03,0.934782609,0.070166099,NPS,bioregprop,0.238381537,341410
1985,0.34163,12.4606,120.24,I,8.19761124,242,0.03,0.782608696,0.061278151,WPS,bioregprop,0.238381537,341630
2304,0.34185,9.6343,121.36,I,26.99922075,67,0,0.5,0.069141068,SS,bioregprop,0.18260748,341850
2276,0.34236,9.5554,121.28,Outlier,47.34881392,65,0,0.5,0.069374393,SS,bioregprop,0.181291336,342360
1359,0.34417,6.9429,118.08,I,33.9729738,12,0,0.108695652,0.07079892,SS,bioregprop,0.107918125,344170
2026,0.3442,17.4822,120.3199,VII,0.277429671,242,0.03,0.956521739,0.07110976,WPS,nearest1,0.238381537,344200
1606,0.34664,10.8938,118.8,I,17.42706357,19,0,0.543478261,0.059917322,WPS,bioregprop,0.12787536,346640
2321,0.34806,6.1482,121.4399,I,22.516129,90,0,0.065217391,0.071213466,CS,bioregprop,0.195424251,348060
1485,0.34998,10.2646,118.4,I,5.173552336,14,0,0.5,0.06342218,WPS,bioregprop,0.114612804,349980
2822,0.35175,12.1479,123.04,VI,10.71434816,242,0.03,0.847826087,0.063663576,VS,bioregprop,0.238381537,351750
1899,0.35448,14.8702,119.92,I,21.95500136,242,0.03,0.891304348,0.063620748,WPS,bioregprop,0.238381537,354480
1631,0.35514,11.1293,118.88,I,25.51824628,28,0,0.608695652,0.058767586,WPS,bioregprop,0.144715803,355140
2530,0.35554,11.6783,122,I,24.33802324,322,0.04,0.717391304,0.064910127,SS,nearest1,0.250785587,355540
2980,0.35817,10.3434,123.52,III,30.048228,958,0.06,0.630434783,0.072947927,VS,bioregprop,0.298136551,358170
3612,0.35891,6.7046,125.92,I,23.465126,242,0.03,0.282608696,0.068106052,CS,bioregprop,0.238381537,358910
2358,0.35964,13.1627,121.52,V,13.23974064,427,0.04,0.869565217,0.064588611,VS,bioregprop,0.263042788,359640
925,0.35989,11.7566,116.5601,VI,10.47822313,2,0,0.608695652,0.058679057,WPS,bioregprop,0.030103,359890
2722,0.36005,7.6571,122.64,I,25.52334,242,0.03,0.260869565,0.074723773,CS,bioregprop,0.238381537,360050
1957,0.36155,5.7503,120.16,I,22.06937407,242,0.03,0.065217391,0.070481126,SS,bioregprop,0.238381537,361550
2232,0.36246,11.9915,121.04,I,36.46853326,242,0.03,0.739130435,0.063627557,SS,bioregprop,0.238381537,362460
2759,0.3638,9.2397,122.8,I,21.82568561,242,0.03,0.5,0.07214805,SS,bioregprop,0.238381537,363800
1316,0.36465,9.4765,117.92,I,14.40419942,13,0,0.391304348,0.06588409,WPS,bioregprop,0.111394335,364650
3061,0.36487,9.4765,123.76,I,16.51049177,542,0.05,0.565217391,0.066431127,VS,bioregprop,0.273399929,364870
1976,0.36836,5.5911,120.24,I,41.14079968,242,0.03,0.043478261,0.069780268,SS,bioregprop,0.238381537,368360
3593,0.36927,10.1072,125.76,VII,0.439936927,121,0.03,0.760869565,0.070197478,SPS,bioregprop,0.208278537,369270
3198,0.36964,8.3701,124.16,I,21.07380987,242,0.03,0.47826087,0.070829025,VS,bioregprop,0.238381537,369640
2936,0.3703,11.9132,123.36,I,41.13532917,242,0.03,0.847826087,0.059351607,VS,bioregprop,0.238381537,370300
3239,0.37065,11.2863,124.24,III,20.51151719,280,0.03,0.826086957,0.07012462,VS,bioregprop,0.244715803,370650
2007,0.37066,6.0686,120.3199,II,7.662743159,242,0.03,0.065217391,0.072950241,SS,bioregprop,0.238381537,370660
2680,0.37189,11.6783,122.48,I,25.07688344,242,0.03,0.760869565,0.066180915,VS,bioregprop,0.238381537,371890
2837,0.37349,9.0027,123.12,I,9.493602759,242,0.03,0.47826087,0.066722678,SS,bioregprop,0.238381537,373490
1646,0.37393,10.5007,118.96,V,7.486534601,242,0.03,0.52173913,0.061393121,WPS,bioregprop,0.238381537,373930
1307,0.37459,7.1017,117.92,I,21.34915802,12,0,0.130434783,0.070796699,SS,bioregprop,0.107918125,374590
769,0.37552,11.0508,115.04,I,21.69461259,242,0.03,0.543478261,0.064862978,WPS,bioregprop,0.238381537,375520
2866,0.37574,9.9496,123.2,I,13.7224377,425,0.04,0.608695652,0.075273258,VS,nearest1,0.262838893,375740
764,0.3762,10.9723,114.96,I,28.09374499,0,0,0.543478261,0.064134592,WPS,bioregprop,0,376200
2453,0.3764,12.1479,121.84,I,11.26875974,242,0.03,0.804347826,0.063660151,VS,nearest1,0.238381537,376400
3630,0.37752,9.5554,126,I,28.2201636,179,0.03,0.630434783,0.071854091,SPS,bioregprop,0.225285303,377520
3289,0.37773,9.6343,124.4,I,23.01754892,242,0.03,0.608695652,0.065912119,VS,bioregprop,0.238381537,377730
2237,0.37846,6.1482,121.12,I,20.94677726,359,0.04,0.065217391,0.072669186,SS,bioregprop,0.255509445,378460
2799,0.37924,12.3825,122.96,I,25.39464444,242,0.03,0.869565217,0.064056205,VS,bioregprop,0.238381537,379240
1013,0.38059,11.2863,116.88,V,2.218090447,2,0,0.586956522,0.057460704,WPS,bioregprop,0.030103,380590
2811,0.38757,7.4192,123.04,II,13.76005,185,0.03,0.260869565,0.073134271,CS,bioregprop,0.226717173,387570
3431,0.38819,5.7503,125.2,II,12.74779,256,0.03,0.108695652,0.079241532,CS,nearest1,0.240823997,388190
3457,0.3892,10.1072,125.28,VI,21.68152775,242,0.03,0.739130435,0.068055322,VS,bioregprop,0.238381537,389200
874,0.39033,11.3647,116.3199,I,14.67173913,242,0.03,0.565217391,0.059030196,WPS,bioregprop,0.238381537,390330
2234,0.39154,13.5518,121.04,I,34.17707565,883,0.06,0.891304348,0.064226604,WPS,bioregprop,0.29459607,391540
3115,0.39204,7.0224,123.92,I,29.315422,242,0.03,0.239130435,0.071616341,CS,bioregprop,0.238381537,392040
2880,0.39492,13.0848,123.2,III,37.44300737,242,0.03,0.869565217,0.064193022,VS,bioregprop,0.238381537,394920
2196,0.39511,10.422,120.88,I,24.21776922,242,0.03,0.543478261,0.066566136,SS,bioregprop,0.238381537,395110
1758,0.39533,4.7944,119.52,I,31.552703,31,0,0.02173913,0.076669123,CS,nearest1,0.149136169,395330
2289,0.39579,18.7747,121.28,I,10.16440162,103,0.03,0.956521739,0.067986279,WPS,bioregprop,0.201283722,395790
3297,0.39721,11.8349,124.4,I,19.42172549,242,0.03,0.847826087,0.07107327,VS,bioregprop,0.238381537,397210
2184,0.3993,13.785,120.8,I,15.92893296,242,0.03,0.891304348,0.064507781,WPS,nearest1,0.238381537,399300
2785,0.39936,13.5518,122.88,VI,18.08193438,614,0.05,0.869565217,0.067933641,VS,bioregprop,0.278816837,399360
3613,0.40028,6.7841,125.92,I,35.796263,242,0.03,0.282608696,0.067047794,CS,bioregprop,0.238381537,400280
3134,0.40056,13.8627,123.92,I,8.36097392,255,0.03,0.913043478,0.071626279,NPS,nearest1,0.240654018,400560
2700,0.40118,7.6571,122.5601,I,21.760307,274,0.03,0.260869565,0.074747783,CS,bioregprop,0.243775056,401180
1920,0.40128,14.7155,120,I,41.06295166,242,0.03,0.913043478,0.064567054,WPS,bioregprop,0.238381537,401280
3259,0.40161,13.1627,124.24,I,8.77794174,345,0.04,0.869565217,0.068899236,NPS,bioregprop,0.25378191,401610
1225,0.40295,9.2397,117.6801,I,19.66877826,13,0,0.369565217,0.063934536,WPS,bioregprop,0.111394335,402950
3504,0.40349,6.7841,125.4399,I,18.435599,942,0.06,0.260869565,0.0584847,CS,nearest1,0.29740509,403490
2925,0.40682,10.2646,123.36,III,47.06718267,625,0.05,0.630434783,0.072456598,VS,bioregprop,0.279588002,406820
2770,0.40756,14.5607,122.8,I,16.50755217,242,0.03,0.934782609,0.073575299,NPS,bioregprop,0.238381537,407560
3087,0.40772,8.4492,123.84,I,17.74462156,567,0.05,0.47826087,0.067354615,VS,nearest1,0.275358306,407720
2950,0.41038,10.1859,123.4399,III,42.56210211,242,0.03,0.630434783,0.073985292,VS,bioregprop,0.238381537,410380
2639,0.41048,16.5643,122.3199,II,30.53224391,228,0.03,0.934782609,0.075281731,NPS,bioregprop,0.235793485,410480
2189,0.4112,5.8299,120.88,I,39.518302,242,0.03,0.065217391,0.072935099,CS,bioregprop,0.238381537,411200
3281,0.41309,12.1479,124.3199,I,14.18339571,242,0.03,0.847826087,0.06765889,VS,bioregprop,0.238381537,413090
1308,0.41316,8.3701,117.92,I,14.7149853,10,0,0.239130435,0.062904707,SS,bioregprop,0.1,413160
2871,0.41343,12.2261,123.2,I,37.93090195,247,0.03,0.847826087,0.062642254,VS,bioregprop,0.239269695,413430
2568,0.41431,13.7073,122.08,I,25.7916421,739,0.05,0.891304348,0.065083254,VS,bioregprop,0.286864444,414310
3075,0.41546,12.5387,123.76,III,38.53733082,364,0.04,0.869565217,0.060947674,VS,bioregprop,0.256110138,415460
1546,0.41611,9.1607,118.64,I,38.63088852,25,0,0.347826087,0.067949964,SS,bioregprop,0.139794001,416110
962,0.41702,11.2078,116.72,I,23.71743707,1,0,0.586956522,0.057399808,WPS,bioregprop,0,417020
2050,0.41737,14.0956,120.4,I,13.03703637,242,0.03,0.913043478,0.06516213,WPS,nearest1,0.238381537,417370
3071,0.41743,11.0508,123.76,III,55.929248,242,0.03,0.760869565,0.067784466,VS,bioregprop,0.238381537,417430
2067,0.41873,12.7729,120.48,I,39.72030844,242,0.03,0.826086957,0.065893993,WPS,bioregprop,0.238381537,418730
2091,0.41875,12.6948,120.5601,I,41.65555758,189,0.03,0.826086957,0.065936821,WPS,bioregprop,0.22764618,418750
1085,0.42139,9.0817,117.2,V,3.488263136,242,0.03,0.413043478,0.060860837,WPS,bioregprop,0.238381537,421390
1424,0.42159,10.1072,118.24,I,46.53812092,13,0,0.434782609,0.064350442,WPS,bioregprop,0.111394335,421590
2659,0.42464,13.2406,122.4,I,14.90436098,242,0.03,0.869565217,0.065789618,VS,bioregprop,0.238381537,424640
3019,0.42558,11.4432,123.6,I,20.73535479,242,0.03,0.782608696,0.0625437,VS,bioregprop,0.238381537,425580
2618,0.42588,6.7046,122.3199,I,27.463767,242,0.03,0.108695652,0.07086951,CS,bioregprop,0.238381537,425880
903,0.42809,10.9723,116.48,I,19.08338307,1,0,0.5,0.059506602,WPS,bioregprop,0,428090
3048,0.42951,11.5216,123.6801,I,5.86781725,219,0.03,0.847826087,0.062619954,VS,bioregprop,0.234044411,429510
1665,0.43047,4.3957,119.12,I,46.39906,242,0.03,0.02173913,0.0747799,CS,bioregprop,0.238381537,430470
2308,0.43072,11.9132,121.36,I,27.04089889,242,0.03,0.739130435,0.065310333,SS,bioregprop,0.238381537,430720
2974,0.43235,9.0817,123.52,I,6.76321861,242,0.03,0.52173913,0.063152197,VS,nearest1,0.238381537,432350
2922,0.43404,9.3976,123.36,V,15.36898886,4795,0.08,0.543478261,0.069173377,VS,bioregprop,0.368078861,434040
3055,0.43465,13.7073,123.6801,I,12.366301,823,0.06,0.891304348,0.071014509,NPS,bioregprop,0.291539984,434650
3079,0.4348,13.6296,123.76,II,9.055694353,242,0.03,0.891304348,0.07064981,NPS,bioregprop,0.238381537,434800
2135,0.43548,5.3522,120.72,I,10.216803,242,0.03,0.043478261,0.074578529,CS,bioregprop,0.238381537,435480
2018,0.43728,14.4058,120.3199,I,32.24127167,242,0.03,0.891304348,0.063957307,WPS,bioregprop,0.238381537,437280
2462,0.43843,14.5607,121.84,VII,0.087847717,242,0.03,0.913043478,0.071180402,NPS,bioregprop,0.238381537,438430
1534,0.44033,10.5007,118.5601,I,18.81117988,13,0,0.5,0.061508696,WPS,bioregprop,0.111394335,440330
1194,0.44058,7.3398,117.6,III,32.5868168,12,0,0.130434783,0.068925416,SS,bioregprop,0.107918125,440580
2291,0.44094,19.0018,121.28,I,21.51596642,67,0,0.956521739,0.067204755,WPS,bioregprop,0.18260748,440940
2387,0.44095,15.796,121.6,I,27.54337176,2309,0.07,0.934782609,0.069665961,NPS,bioregprop,0.336342393,440950
2786,0.4427,14.3283,122.88,II,11.39590057,242,0.03,0.891304348,0.072480644,NPS,bioregprop,0.238381537,442700
3188,0.44384,13.4741,124.08,I,31.86209611,242,0.03,0.891304348,0.070185417,NPS,nearest1,0.238381537,443840
2548,0.44512,18.9261,122,V,4.901890061,242,0.03,0.97826087,0.065088604,NPS,bioregprop,0.238381537,445120
3279,0.44565,11.8349,124.3199,I,19.81279966,221,0.03,0.847826087,0.070041267,VS,bioregprop,0.234439227,445650
3181,0.44604,11.4432,124.08,I,52.66396547,252,0.03,0.826086957,0.068031706,VS,bioregprop,0.240140054,446040
3205,0.44605,11.3647,124.16,III,32.68196937,274,0.03,0.826086957,0.069198434,VS,bioregprop,0.243775056,446050
1669,0.44615,10.658,119.12,VII,0.471120244,242,0.03,0.543478261,0.061192867,WPS,bioregprop,0.238381537,446150
1955,0.4486,5.5911,120.16,I,18.45156364,242,0.03,0.043478261,0.069912067,SS,bioregprop,0.238381537,448600
2540,0.45018,14.2508,122,I,36.53461101,787,0.06,0.891304348,0.068055682,NPS,bioregprop,0.289597473,450180
2359,0.45143,13.785,121.52,V,1.304764516,242,0.03,0.891304348,0.0625432,VS,bioregprop,0.238381537,451430
2708,0.4516,12.3043,122.5601,I,7.736509243,242,0.03,0.847826087,0.064497296,VS,bioregprop,0.238381537,451600
1559,0.45187,11.0508,118.64,I,39.60096852,242,0.03,0.543478261,0.059758593,WPS,bioregprop,0.238381537,451870
1630,0.45292,11.0508,118.88,I,28.93028242,27,0,0.586956522,0.059062533,WPS,bioregprop,0.143136376,452920
2445,0.45566,10.7366,121.84,Outlier,26.76076279,242,0.03,0.630434783,0.065554183,SS,bioregprop,0.238381537,455660
941,0.4559,11.7566,116.64,I,24.59632806,2,0,0.608695652,0.058565303,WPS,bioregprop,0.030103,455900
2099,0.45643,14.3283,120.5601,I,23.28763815,2372,0.07,0.934782609,0.063380666,WPS,bioregprop,0.337511468,456430
2899,0.45748,11.0508,123.28,I,19.17881034,611,0.05,0.717391304,0.062592361,VS,bioregprop,0.278604121,457480
2817,0.45915,11.7566,123.04,I,33.60888118,242,0.03,0.804347826,0.061372251,VS,bioregprop,0.238381537,459150
2779,0.45915,11.7566,122.88,I,22.4418723,242,0.03,0.804347826,0.063716981,VS,bioregprop,0.238381537,459150
2797,0.45972,11.8349,122.96,III,43.62568135,242,0.03,0.826086957,0.063100414,VS,bioregprop,0.238381537,459720
2641,0.45986,18.2437,122.3199,II,15.5503399,67,0,0.97826087,0.0660622,NPS,bioregprop,0.18260748,459860
2796,0.45998,11.6783,122.96,III,28.20961119,242,0.03,0.804347826,0.06195647,VS,bioregprop,0.238381537,459980
2750,0.46179,13.3963,122.72,I,25.02352409,444,0.04,0.869565217,0.066838497,VS,bioregprop,0.264738297,461790
3356,0.46403,8.6074,124.72,I,31.56685044,242,0.03,0.52173913,0.074171595,VS,bioregprop,0.238381537,464030
2074,0.46602,14.2508,120.48,I,36.98893507,242,0.03,0.913043478,0.064072783,WPS,nearest1,0.238381537,466020
3405,0.46627,11.2078,125.04,I,4.509741878,3976,0.08,0.847826087,0.075442361,VS,bioregprop,0.359944638,466270
1633,0.46631,11.2863,118.88,I,31.88395079,30,0,0.630434783,0.058425868,WPS,bioregprop,0.147712125,466310
1554,0.46685,10.5794,118.64,I,13.37954405,13,0,0.5,0.061082131,WPS,bioregprop,0.111394335,466850
3292,0.46726,10.5794,124.4,III,57.21045793,242,0.03,0.760869565,0.072244667,VS,bioregprop,0.238381537,467260
1419,0.46729,9.6343,118.24,I,23.60382266,23,0,0.391304348,0.067736306,WPS,bioregprop,0.136172784,467290
1260,0.46955,10.7366,117.76,I,22.29937577,6,0,0.52173913,0.056484949,WPS,bioregprop,0.077815125,469550
2971,0.47108,7.6571,123.52,I,38.385196,259,0.03,0.347826087,0.071027983,CS,nearest1,0.241329976,471080
3044,0.47108,10.7366,123.6801,I,29.41927462,242,0.03,0.739130435,0.07042447,VS,nearest1,0.238381537,471080
742,0.47253,8.8447,114.64,I,34.77391133,2,0,0.347826087,0.068363864,WPS,bioregprop,0.030103,472530
3208,0.47551,11.7566,124.16,I,20.43781524,242,0.03,0.847826087,0.067811745,VS,bioregprop,0.238381537,475510
1996,0.47587,16.8708,120.24,I,41.71884098,242,0.03,0.956521739,0.069345381,WPS,bioregprop,0.238381537,475870
3344,0.47784,10.422,124.64,VI,26.13210714,242,0.03,0.739130435,0.070679159,VS,nearest1,0.238381537,477840
2360,0.48072,15.102,121.52,I,48.12798552,242,0.03,0.913043478,0.068378745,NPS,bioregprop,0.238381537,480720
3385,0.48483,10.1072,124.88,I,10.25672298,3837,0.08,0.695652174,0.067190467,VS,bioregprop,0.35839918,484830
3016,0.48547,10.8152,123.6,III,38.97103437,543,0.05,0.739130435,0.068514196,VS,nearest1,0.273479983,485470
1012,0.48571,11.2078,116.88,I,29.68502912,2,0,0.586956522,0.057596247,WPS,bioregprop,0.030103,485710
3319,0.48637,9.1607,124.5601,I,40.84212144,379,0.04,0.543478261,0.06834625,VS,bioregprop,0.257863921,486370
3614,0.48706,6.8635,125.92,I,17.882871,242,0.03,0.282608696,0.065830713,CS,bioregprop,0.238381537,487060
3095,0.48731,10.8152,123.84,V,6.594853705,2430,0.07,0.739130435,0.071246676,VS,nearest1,0.338560627,487310
2256,0.48755,9.5554,121.2,I,32.97398788,75,0,0.5,0.069630088,SS,bioregprop,0.187506126,487550
1226,0.48892,9.3186,117.6801,I,16.70363853,12,0,0.369565217,0.064025169,WPS,bioregprop,0.107918125,488920
1607,0.48953,10.9723,118.8,I,25.00308288,19,0,0.565217391,0.059590101,WPS,bioregprop,0.12787536,489530
2613,0.49167,17.4822,122.24,II,22.31980982,98,0,0.956521739,0.074053369,NPS,bioregprop,0.199122608,491670
2687,0.4934,13.3963,122.48,I,12.66702109,1379,0.07,0.869565217,0.066417979,VS,nearest1,0.313956427,493400
3434,0.49448,10.5007,125.2,I,6.440236153,285,0.03,0.760869565,0.072336802,VS,bioregprop,0.245484486,494480
3399,0.49607,5.8299,125.04,I,18.340317,494,0.04,0.108695652,0.081011691,CS,nearest1,0.269372695,496070
2852,0.49727,13.0848,123.12,I,27.54863413,311,0.04,0.869565217,0.064333445,VS,bioregprop,0.249276039,497270
1418,0.49849,9.5554,118.24,I,43.89552128,23,0,0.391304348,0.067946417,WPS,bioregprop,0.136172784,498490
2431,0.49939,16.0268,121.76,I,22.79333083,561,0.05,0.934782609,0.070473537,NPS,bioregprop,0.274896286,499390
3505,0.4994,6.8635,125.4399,I,43.907813,6710,0.09,0.260869565,0.058561639,CS,bioregprop,0.382672252,499400
2021,0.50095,16.1805,120.3199,I,28.89373978,242,0.03,0.934782609,0.066497756,WPS,bioregprop,0.238381537,500950
3294,0.50411,10.8152,124.4,V,8.690137173,402,0.04,0.760869565,0.072529688,VS,nearest1,0.260422605,504110
2691,0.50849,16.8708,122.48,II,29.26489272,216,0.03,0.956521739,0.077287912,NPS,bioregprop,0.233445375,508490
3366,0.50867,10.2646,124.72,III,62.97625585,414,0.04,0.695652174,0.069043037,VS,nearest1,0.261700034,508670
2469,0.50896,19.455,121.84,I,21.46365558,242,0.03,0.97826087,0.065219315,NPS,bioregprop,0.238381537,508960
1910,0.50987,5.8299,120,I,36.0995183,27,0,0.065217391,0.072227682,SS,bioregprop,0.143136376,509870
2674,0.51009,9.4765,122.48,I,16.47484627,238,0.03,0.5,0.069856894,SS,bioregprop,0.237657696,510090
1525,0.51217,7.7364,118.5601,I,11.06782352,9,0,0.152173913,0.067764375,SS,bioregprop,0.095424251,512170
2823,0.51238,12.2261,123.04,III,33.45173592,242,0.03,0.847826087,0.06384396,VS,bioregprop,0.238381537,512380
3307,0.51325,8.6865,124.48,III,49.07180187,242,0.03,0.52173913,0.072067493,VS,nearest1,0.238381537,513250
1503,0.5137,7.6571,118.48,I,9.813155007,242,0.03,0.152173913,0.067583869,SS,bioregprop,0.238381537,513700
3653,0.51425,6.5457,126.24,V,0.711638155,53,0,0.282608696,0.074313443,SPS,bioregprop,0.172427587,514250
1367,0.51456,8.5283,118.08,II,9.812242862,12,0,0.239130435,0.063284705,SS,bioregprop,0.107918125,514560
3502,0.51584,5.5911,125.4399,I,41.60268,364,0.04,0.108695652,0.076436124,CS,bioregprop,0.256110138,515840
2009,0.51649,11.6783,120.3199,I,19.18153515,242,0.03,0.695652174,0.060880853,SS,bioregprop,0.238381537,516490
2486,0.5168,10.8938,121.92,III,36.44307035,242,0.03,0.630434783,0.065941718,SS,bioregprop,0.238381537,516800
2966,0.52045,12.1479,123.4399,I,11.69673927,442,0.04,0.847826087,0.06034383,VS,bioregprop,0.264542227,520450
1512,0.52084,10.5007,118.48,I,29.24619962,12,0,0.52173913,0.061650736,WPS,bioregprop,0.107918125,520840
1657,0.52188,9.9496,119.04,I,30.35183951,34,0,0.456521739,0.064589512,SS,nearest1,0.153147892,521880
2480,0.52278,6.9429,121.92,II,9.972640505,242,0.03,0.130434783,0.069509553,SS,bioregprop,0.238381537,522780
2494,0.52317,12.3825,121.92,VI,25.13235948,525,0.05,0.826086957,0.063364372,VS,bioregprop,0.27201593,523170
2022,0.52394,17.1768,120.3199,I,28.34873022,242,0.03,0.956521739,0.070435419,WPS,nearest1,0.238381537,523940
3487,0.52428,10.5007,125.36,I,28.95130353,242,0.03,0.760869565,0.072659301,VS,bioregprop,0.238381537,524280
3080,0.52449,14.0956,123.76,II,41.11450536,242,0.03,0.913043478,0.072003312,NPS,bioregprop,0.238381537,524490
3594,0.52488,10.2646,125.76,V,2.661600873,113,0.03,0.760869565,0.070903929,SPS,bioregprop,0.205307844,524880
3114,0.52658,6.9429,123.92,I,18.853233,242,0.03,0.217391304,0.072271207,CS,bioregprop,0.238381537,526580
3161,0.52669,14.0956,124,I,32.68481601,183,0.03,0.913043478,0.072315216,NPS,bioregprop,0.226245109,526690
3651,0.52769,6.3867,126.24,VII,0.979451065,83,0,0.239130435,0.074250861,SPS,bioregprop,0.191907809,527690
2434,0.52832,19.0018,121.76,I,30.10694525,242,0.03,0.97826087,0.063661267,NPS,bioregprop,0.238381537,528320
1443,0.53186,7.2605,118.3199,I,44.95855961,242,0.03,0.130434783,0.069878875,SS,bioregprop,0.238381537,531860
1727,0.53278,11.8349,119.36,I,20.74002831,50,0,0.695652174,0.059188657,WPS,bioregprop,0.169897,532780
635,0.53281,8.8447,114.08,I,26.02476111,242,0.03,0.326086957,0.073651924,WPS,bioregprop,0.238381537,532810
3128,0.53314,11.7566,123.92,I,2.711353494,223,0.03,0.847826087,0.063829346,VS,bioregprop,0.234830486,533140
982,0.53675,10.9723,116.8,I,36.09753563,1,0,0.52173913,0.05825123,WPS,bioregprop,0,536750
3246,0.53711,11.8349,124.24,I,5.207372091,216,0.03,0.847826087,0.068819598,VS,bioregprop,0.233445375,537110
1802,0.53762,11.5999,119.6801,I,38.99132072,55,0,0.695652174,0.059530183,WPS,bioregprop,0.174036269,537620
3261,0.53901,13.4741,124.24,II,20.29654606,242,0.03,0.891304348,0.070429372,NPS,nearest1,0.238381537,539010
1578,0.53912,10.658,118.72,I,33.98922755,14,0,0.5,0.060756189,WPS,bioregprop,0.114612804,539120
3435,0.54054,10.5794,125.2,I,19.49206632,336,0.04,0.760869565,0.073303054,VS,bioregprop,0.252633928,540540
3482,0.5428,9.8708,125.36,I,19.68882936,272,0.03,0.695652174,0.067611677,VS,bioregprop,0.24345689,542800
2802,0.54355,13.2406,122.96,III,46.66708254,242,0.03,0.869565217,0.06587221,VS,bioregprop,0.238381537,543550
2180,0.54536,12.6948,120.8,I,21.71001004,238,0.03,0.847826087,0.067774552,WPS,nearest1,0.237657696,545360
2346,0.54774,5.9095,121.52,I,28.152036,77,0,0.065217391,0.073128886,CS,bioregprop,0.188649073,547740
959,0.54925,10.9723,116.72,I,34.49185846,1,0,0.52173913,0.058500284,WPS,bioregprop,0,549250
2671,0.54936,7.4985,122.48,IV,18.93866,236,0.03,0.239130435,0.074403402,CS,bioregprop,0.2372912,549360
955,0.55018,10.5794,116.72,VII,0.411428448,1,0,0.5,0.06092246,WPS,bioregprop,0,550180
3113,0.55147,6.8635,123.92,I,11.697674,242,0.03,0.195652174,0.072961668,CS,bioregprop,0.238381537,551470
1078,0.55169,8.5283,117.2,I,22.86181201,12,0,0.304347826,0.059036313,WPS,bioregprop,0.107918125,551690
3260,0.55496,13.2406,124.24,I,53.33301007,296,0.03,0.869565217,0.069295139,NPS,bioregprop,0.247129171,554960
3220,0.55549,13.3184,124.16,I,12.79825568,242,0.03,0.869565217,0.069509245,NPS,bioregprop,0.238381537,555490
1987,0.55758,13.4741,120.24,I,23.2758604,242,0.03,0.869565217,0.06771536,WPS,bioregprop,0.238381537,557580
1063,0.55933,8.8447,117.12,I,43.20206586,7,0,0.391304348,0.058999434,WPS,bioregprop,0.084509804,559330
2890,0.56068,8.7656,123.28,I,19.89722242,260,0.03,0.47826087,0.0634708,SS,nearest1,0.241497335,560680
1608,0.56143,11.0508,118.8,I,37.98643219,23,0,0.586956522,0.05925014,WPS,bioregprop,0.136172784,561430
3391,0.56197,9.8708,124.96,I,26.77885379,242,0.03,0.673913043,0.065252339,VS,bioregprop,0.238381537,561970
2179,0.56358,12.6168,120.8,I,36.12182028,242,0.03,0.826086957,0.067498562,WPS,nearest1,0.238381537,563580
2630,0.56429,12.4606,122.3199,V,5.539513138,261,0.03,0.847826087,0.064107686,VS,bioregprop,0.241664051,564290
2002,0.56431,5.0335,120.3199,I,26.771579,33,0,0.02173913,0.073541938,CS,bioregprop,0.151851394,564310
2561,0.56535,12.1479,122.08,I,5.500483836,270,0.03,0.804347826,0.063558893,VS,nearest1,0.243136376,565350
2051,0.56611,17.3296,120.4,V,3.393047474,664,0.05,0.956521739,0.07033294,WPS,nearest1,0.282216808,566110
2489,0.56654,11.5216,121.92,I,44.33580289,242,0.03,0.717391304,0.065633192,SS,bioregprop,0.238381537,566540
1175,0.56746,8.2909,117.52,I,24.0910687,10,0,0.260869565,0.062434912,SS,bioregprop,0.1,567460
1363,0.56853,7.6571,118.08,I,14.90057492,242,0.03,0.152173913,0.066989457,SS,bioregprop,0.238381537,568530
2331,0.56917,13.2406,121.4399,I,26.53287607,528,0.05,0.891304348,0.064644529,VS,bioregprop,0.272263392,569170
3418,0.57104,11.1293,125.12,V,0.770801267,493,0.04,0.847826087,0.075848271,VS,bioregprop,0.269284692,571040
2510,0.57345,18.8504,121.92,I,36.04505149,50,0,0.97826087,0.064239537,NPS,bioregprop,0.169897,573450
885,0.57786,11.0508,116.4,I,35.65423826,1,0,0.5,0.059502613,WPS,bioregprop,0,577860
1101,0.57932,7.8949,117.28,III,43.46695784,10,0,0.195652174,0.064844335,SS,nearest1,0.1,579320
2519,0.57937,6.7841,122,I,39.71542042,171,0.03,0.108695652,0.068652002,SS,bioregprop,0.223299611,579370
1686,0.58028,10.8152,119.2,I,23.89560461,33,0,0.565217391,0.060691845,WPS,bioregprop,0.151851394,580280
1010,0.5804,11.0508,116.88,I,53.69235652,2,0,0.52173913,0.05785927,WPS,bioregprop,0.030103,580400
1832,0.58187,11.2078,119.76,I,18.40802731,50,0,0.652173913,0.06205742,SS,bioregprop,0.169897,581870
2702,0.58633,8.2117,122.5601,Outlier,39.88192815,242,0.03,0.347826087,0.069844705,SS,bioregprop,0.238381537,586330
3433,0.58731,9.9496,125.2,I,19.75222751,495,0.04,0.695652174,0.066793075,VS,bioregprop,0.26946052,587310
3067,0.58757,10.1859,123.76,IV,19.95763458,4924,0.08,0.630434783,0.073681581,VS,bioregprop,0.369231804,587570
1178,0.58824,9.1607,117.52,I,38.15309532,9,0,0.391304348,0.063043327,WPS,bioregprop,0.095424251,588240
3215,0.58831,12.6168,124.16,II,35.05332778,472,0.04,0.869565217,0.065874803,NPS,bioregprop,0.2673942,588310
2658,0.59492,12.5387,122.4,V,3.417143657,224,0.03,0.847826087,0.064332759,VS,nearest1,0.235024802,594920
2564,0.5967,12.6948,122.08,I,13.26829364,243,0.03,0.847826087,0.063602407,VS,bioregprop,0.238560627,596700
2312,0.59715,18.7747,121.36,I,32.50803525,242,0.03,0.956521739,0.06710509,WPS,bioregprop,0.238381537,597150
2185,0.60132,18.6989,120.8,I,31.42198302,242,0.03,0.956521739,0.073748304,WPS,bioregprop,0.238381537,601320
2876,0.60248,12.6168,123.2,I,32.7309154,242,0.03,0.869565217,0.062578015,VS,bioregprop,0.238381537,602480
1936,0.60265,11.2863,120.08,I,42.28051637,242,0.03,0.652173913,0.062513665,SS,bioregprop,0.238381537,602650
1366,0.60357,8.4492,118.08,II,9.766218043,11,0,0.239130435,0.063233911,SS,bioregprop,0.104139269,603570
1357,0.60432,6.7841,118.08,I,16.67758327,12,0,0.108695652,0.070463,SS,bioregprop,0.107918125,604320
1803,0.60458,12.0697,119.6801,I,23.41594764,242,0.03,0.739130435,0.06002675,WPS,nearest1,0.238381537,604580
2041,0.60508,11.9132,120.4,I,23.72464025,100,0.03,0.717391304,0.060309055,SS,bioregprop,0.2,605080
3414,0.60522,9.9496,125.12,I,23.35520352,242,0.03,0.695652174,0.066341202,VS,bioregprop,0.238381537,605220
2633,0.60636,13.5518,122.3199,I,21.57506432,691,0.05,0.869565217,0.066046616,VS,nearest1,0.283947805,606360
2116,0.60645,10.9723,120.64,I,26.46180968,242,0.03,0.652173913,0.065418994,SS,bioregprop,0.238381537,606450
2146,0.60753,10.8938,120.72,Outlier,54.48316858,242,0.03,0.652173913,0.065977213,SS,bioregprop,0.238381537,607530
2686,0.61015,13.3184,122.48,I,13.60153687,607,0.05,0.869565217,0.066208752,VS,nearest1,0.278318869,610150
1378,0.61189,9.8708,118.08,I,32.34028679,12,0,0.434782609,0.065307117,WPS,bioregprop,0.107918125,611890
2804,0.61317,14.2508,122.96,I,31.96843323,520,0.05,0.891304348,0.072193279,NPS,bioregprop,0.271600334,613170
1671,0.61334,10.8152,119.12,I,44.64123016,242,0.03,0.565217391,0.060395485,WPS,bioregprop,0.238381537,613340
1061,0.61447,8.6865,117.12,I,29.27781122,7,0,0.326086957,0.058641608,WPS,bioregprop,0.084509804,614470
3169,0.6188,8.2117,124.08,I,33.53807447,583,0.05,0.456521739,0.07007739,VS,bioregprop,0.276566855,618800
2891,0.62178,9.5554,123.28,I,14.95297116,242,0.03,0.543478261,0.07218526,VS,nearest1,0.238381537,621780
2551,0.6228,20.3576,122,I,6.478513881,32,0,0.956521739,0.06866761,NPS,bioregprop,0.150514998,622800
3542,0.62449,11.6783,125.52,II,34.4403648,303,0.04,0.869565217,0.075354646,NPS,nearest1,0.248144263,624490
2598,0.62499,18.6231,122.16,II,8.999558367,110,0.03,0.97826087,0.065847746,NPS,nearest1,0.204139269,624990
2615,0.62527,18.5473,122.24,I,24.7710524,121,0.03,0.97826087,0.066193046,NPS,nearest1,0.208278537,625270
2534,0.62779,12.6948,122,I,17.08773602,242,0.03,0.847826087,0.063313926,VS,bioregprop,0.238381537,627790
2543,0.62823,15.102,122,II,27.4164003,242,0.03,0.934782609,0.071931281,NPS,nearest1,0.238381537,628230
3221,0.62856,13.4741,124.16,I,4.207200868,242,0.03,0.891304348,0.07031193,NPS,nearest1,0.238381537,628560
1277,0.62886,7.1017,117.84,I,27.1349413,12,0,0.130434783,0.070633929,SS,bioregprop,0.107918125,628860
2137,0.62944,5.7503,120.72,I,44.58880529,242,0.03,0.065217391,0.072172182,SS,bioregprop,0.238381537,629440
2724,0.63059,9.3976,122.64,I,34.58567369,1957,0.07,0.5,0.072689458,SS,bioregprop,0.329159083,630590
2188,0.63076,5.4318,120.88,I,19.714019,242,0.03,0.043478261,0.07511792,CS,bioregprop,0.238381537,630760
3600,0.63235,7.0224,125.84,I,8.346086,242,0.03,0.282608696,0.061222687,CS,bioregprop,0.238381537,632350
3227,0.6328,6.1482,124.24,VI,3.856175,80,0,0.152173913,0.079916006,CS,bioregprop,0.190308999,632800
1157,0.63415,9.1607,117.4399,I,28.59813228,8,0,0.391304348,0.062687444,WPS,bioregprop,0.090308999,634150
2352,0.63611,6.7841,121.52,I,21.25114556,83,0,0.130434783,0.070050362,SS,bioregprop,0.191907809,636110
3378,0.63643,12.6948,124.8,V,3.943509193,242,0.03,0.869565217,0.070810644,NPS,bioregprop,0.238381537,636430
636,0.63792,9.3186,114.08,I,31.11932422,242,0.03,0.413043478,0.071866111,WPS,bioregprop,0.238381537,637920
958,0.63852,10.8938,116.72,I,23.38952873,1,0,0.52173913,0.059011186,WPS,bioregprop,0,638520
3106,0.6388,14.018,123.84,I,37.99089436,221,0.03,0.913043478,0.07196281,NPS,nearest1,0.234439227,638800
2266,0.64173,12.1479,121.2,I,50.79359992,207,0.03,0.782608696,0.065147545,SS,bioregprop,0.231597035,641730
2156,0.64297,13.7073,120.72,I,14.32673403,242,0.03,0.891304348,0.065515634,WPS,nearest1,0.238381537,642970
1083,0.6439,8.9237,117.2,I,40.45355552,7,0,0.391304348,0.060176117,WPS,bioregprop,0.084509804,643900
791,0.64443,10.5794,115.6801,I,53.71847591,242,0.03,0.5,0.063410678,WPS,bioregprop,0.238381537,644430
2459,0.64459,13.6296,121.84,I,22.46841938,242,0.03,0.891304348,0.063496962,VS,bioregprop,0.238381537,644590
2715,0.64572,17.1003,122.5601,V,2.875102265,194,0.03,0.956521739,0.078135112,NPS,bioregprop,0.228780173,645720
2224,0.64676,13.5518,120.96,I,34.55815995,828,0.06,0.891304348,0.064729853,WPS,bioregprop,0.291803034,646760
1725,0.64728,11.6783,119.36,I,26.93880633,46,0,0.717391304,0.058825592,WPS,bioregprop,0.166275783,647280
2764,0.64777,12.3043,122.8,V,0.040885341,193,0.03,0.847826087,0.06455101,VS,bioregprop,0.228555731,647770
2010,0.64952,11.7566,120.3199,I,30.85365037,242,0.03,0.717391304,0.060612039,SS,bioregprop,0.238381537,649520
2509,0.64997,18.3196,121.92,II,37.50532849,242,0.03,0.956521739,0.064999034,NPS,bioregprop,0.238381537,649970
2478,0.65015,6.7841,121.92,Outlier,50.42698265,258,0.03,0.130434783,0.068456877,SS,bioregprop,0.241161971,650150
2824,0.6541,12.3825,123.04,I,32.70144516,198,0.03,0.869565217,0.063669984,VS,bioregprop,0.229666519,654100
3580,0.65592,10.3434,125.6801,II,22.78119594,117,0.03,0.760869565,0.071301617,SPS,bioregprop,0.206818586,655920
3541,0.656,11.5999,125.52,II,22.8165753,306,0.04,0.869565217,0.07603643,NPS,bioregprop,0.248572143,656000
2611,0.65636,16.2574,122.24,I,35.00743807,302,0.04,0.934782609,0.073407179,NPS,bioregprop,0.248000694,656360
768,0.65818,10.5794,115.04,I,33.7804669,242,0.03,0.52173913,0.061659673,WPS,bioregprop,0.238381537,658180
2694,0.65878,17.2532,122.48,I,21.79676236,136,0.03,0.956521739,0.077651082,NPS,bioregprop,0.213353891,658780
1135,0.65983,9.0027,117.36,I,28.84793178,9,0,0.369565217,0.061847797,WPS,bioregprop,0.095424251,659830
2444,0.66314,10.5007,121.84,Outlier,23.10581565,242,0.03,0.608695652,0.063644851,SS,bioregprop,0.238381537,663140
1923,0.66386,14.9475,120,VI,19.53738362,1108,0.07,0.913043478,0.063547431,WPS,bioregprop,0.304453976,663860
2481,0.66697,7.2605,121.92,I,17.35132135,242,0.03,0.152173913,0.072375123,SS,bioregprop,0.238381537,666970
1931,0.66897,5.8299,120.08,II,7.81682962,25,0,0.065217391,0.071610294,SS,bioregprop,0.139794001,668970
3672,0.66904,7.0224,126.48,VII,1.256995178,251,0.03,0.282608696,0.076140287,SPS,bioregprop,0.239967372,669040
3666,0.66981,6.9429,126.4,II,20.52261424,242,0.03,0.282608696,0.075335415,SPS,bioregprop,0.238381537,669810
2696,0.67368,7.1811,122.5601,I,40.40256,130,0.03,0.152173913,0.070259437,CS,bioregprop,0.211394335,673680
2827,0.67439,13.1627,123.04,I,32.29710454,242,0.03,0.869565217,0.065135427,VS,bioregprop,0.238381537,674390
2997,0.67479,12.5387,123.52,I,6.956591986,242,0.03,0.869565217,0.061023259,VS,bioregprop,0.238381537,674790
1460,0.67562,10.2646,118.3199,I,42.53196786,13,0,0.5,0.063388185,WPS,bioregprop,0.111394335,675620
2656,0.67626,12.3825,122.4,VI,28.65477451,242,0.03,0.847826087,0.064177205,VS,bioregprop,0.238381537,676260
1071,0.67807,11.9915,117.12,I,27.96310943,9,0,0.630434783,0.059899249,WPS,bioregprop,0.095424251,678070
2718,0.68129,7.3398,122.64,I,18.283151,242,0.03,0.217391304,0.072377356,CS,bioregprop,0.238381537,681290
2316,0.68181,19.455,121.36,VI,16.08419088,32,0,0.97826087,0.067408376,WPS,bioregprop,0.150514998,681810
2501,0.68461,13.1627,121.92,III,51.04427126,242,0.03,0.869565217,0.063406299,VS,bioregprop,0.238381537,684610
3228,0.68571,8.4492,124.24,I,12.80373674,732,0.05,0.5,0.071466365,VS,bioregprop,0.286451108,685710
1779,0.68935,5.9095,119.6,I,21.62712264,242,0.03,0.065217391,0.075938876,SS,bioregprop,0.238381537,689350
2421,0.69095,13.4741,121.76,I,10.53270229,242,0.03,0.891304348,0.063123459,VS,bioregprop,0.238381537,690950
2677,0.69122,10.3434,122.48,I,18.53740903,242,0.03,0.630434783,0.060663654,SS,bioregprop,0.238381537,691220
2206,0.69253,18.6231,120.88,I,30.29284285,177,0.03,0.956521739,0.071966113,WPS,bioregprop,0.224797327,692530
2732,0.69295,13.5518,122.64,I,10.91288894,528,0.05,0.869565217,0.067283223,VS,bioregprop,0.272263392,692950
2487,0.69371,11.2078,121.92,I,43.53305888,242,0.03,0.652173913,0.066920635,SS,bioregprop,0.238381537,693710
2531,0.69474,11.9132,122,IV,12.7099188,539,0.05,0.782608696,0.063963547,VS,bioregprop,0.273158877,694740
987,0.69811,11.9132,116.8,V,0.106944101,3,0,0.630434783,0.059308453,WPS,bioregprop,0.047712125,698110
3132,0.6997,13.6296,123.92,I,31.41381677,242,0.03,0.891304348,0.070734175,NPS,bioregprop,0.238381537,699700
2518,0.70093,6.0686,122,I,24.11161,242,0.03,0.065217391,0.07232887,CS,bioregprop,0.238381537,700930
2679,0.70169,10.5794,122.48,I,17.84338999,242,0.03,0.630434783,0.060586168,SS,bioregprop,0.238381537,701690
837,0.70448,8.8447,116.16,I,19.10186606,242,0.03,0.347826087,0.065367315,WPS,bioregprop,0.238381537,704480
3138,0.70906,6.3072,124,I,23.464355,242,0.03,0.152173913,0.078273709,CS,bioregprop,0.238381537,709060
1262,0.71068,11.8349,117.76,I,44.8417662,242,0.03,0.652173913,0.060406726,WPS,bioregprop,0.238381537,710680
1136,0.7117,9.0817,117.36,I,27.01920115,8,0,0.391304348,0.062082605,WPS,bioregprop,0.090308999,711700
869,0.71195,10.9723,116.3199,I,13.77971276,1,0,0.5,0.060473093,WPS,bioregprop,0,711950
2488,0.71229,11.3647,121.92,I,37.34038721,242,0.03,0.695652174,0.066425021,SS,bioregprop,0.238381537,712290
3300,0.7129,13.6296,124.4,I,38.0205843,245,0.03,0.913043478,0.071402899,NPS,bioregprop,0.238916608,712900
1330,0.71416,6.9429,118,I,30.31396708,12,0,0.108695652,0.070886443,SS,bioregprop,0.107918125,714160
3021,0.71513,11.5999,123.6,I,29.90782834,217,0.03,0.847826087,0.061201567,VS,bioregprop,0.233645973,715130
1509,0.71587,9.8708,118.48,V,3.833494465,27,0,0.434782609,0.066333707,WPS,bioregprop,0.143136376,715870
3359,0.71695,8.8447,124.72,III,17.29999245,242,0.03,0.52173913,0.072201339,VS,nearest1,0.238381537,716950
811,0.71761,10.7366,115.92,I,30.02379017,242,0.03,0.5,0.062827128,WPS,bioregprop,0.238381537,717610
2073,0.71887,14.1732,120.48,I,27.01911127,242,0.03,0.913043478,0.064558326,WPS,nearest1,0.238381537,718870
2669,0.72202,7.1017,122.48,I,47.837182,153,0.03,0.130434783,0.069661902,CS,bioregprop,0.218469143,722020
961,0.72332,11.1293,116.72,V,5.360176859,1,0,0.52173913,0.057664389,WPS,bioregprop,0,723320
3639,0.72548,6.4662,126.08,I,17.769656,2655,0.07,0.239130435,0.072463088,CS,bioregprop,0.342406453,725480
1552,0.72628,10.1072,118.64,I,23.04657269,242,0.03,0.47826087,0.064018284,WPS,bioregprop,0.238381537,726280
3090,0.72644,9.5554,123.84,I,53.86312419,1771,0.07,0.565217391,0.066878173,VS,bioregprop,0.324821856,726440
2931,0.72756,11.3647,123.36,V,0.751160631,283,0.03,0.782608696,0.061237358,VS,bioregprop,0.245178644,727560
3101,0.73097,11.7566,123.84,I,24.1763954,223,0.03,0.847826087,0.062686118,VS,bioregprop,0.234830486,730970
2337,0.73253,19.455,121.4399,I,24.70666053,30,0,0.97826087,0.066799117,WPS,bioregprop,0.147712125,732530
3611,0.73373,10.8152,125.84,II,23.00086786,242,0.03,0.804347826,0.075750659,SPS,bioregprop,0.238381537,733730
1173,0.73508,7.4192,117.52,Outlier,40.8160687,12,0,0.130434783,0.068311162,SS,bioregprop,0.107918125,735080
3011,0.73538,9.8708,123.6,V,6.695207244,1984,0.07,0.608695652,0.072414474,VS,bioregprop,0.329754167,735380
3634,0.73559,10.7366,126,I,23.78384411,242,0.03,0.804347826,0.074509824,SPS,bioregprop,0.238381537,735590
3621,0.73578,10.658,125.92,V,4.029356497,242,0.03,0.782608696,0.074007098,SPS,bioregprop,0.238381537,735780
2425,0.73715,14.7155,121.76,I,40.58545465,242,0.03,0.913043478,0.071462218,NPS,bioregprop,0.238381537,737150
1051,0.73777,10.7366,117.04,I,44.0441203,242,0.03,0.52173913,0.057244772,WPS,bioregprop,0.238381537,737770
2097,0.74031,14.0956,120.5601,I,19.86522113,1959,0.07,0.913043478,0.064610813,WPS,nearest1,0.329203444,740310
2583,0.74267,7.9741,122.16,I,14.01692317,242,0.03,0.260869565,0.071699427,SS,bioregprop,0.238381537,742670
3642,0.74343,9.5554,126.08,V,4.138829629,152,0.03,0.652173913,0.072003556,SPS,bioregprop,0.218184359,743430
2717,0.74376,7.2605,122.64,VI,3.557083,135,0.03,0.173913043,0.071246293,CS,bioregprop,0.213033377,743760
1400,0.74704,10.0284,118.16,I,19.1364849,12,0,0.434782609,0.064579714,WPS,bioregprop,0.107918125,747040
3187,0.74877,13.3184,124.08,I,26.84989946,242,0.03,0.869565217,0.069340805,NPS,nearest1,0.238381537,748770
2193,0.75339,6.4662,120.88,I,21.38651289,43,0,0.065217391,0.074375234,SS,bioregprop,0.163346846,753390
1279,0.75599,8.2909,117.84,I,26.37921675,242,0.03,0.217391304,0.063054085,SS,bioregprop,0.238381537,755990
2314,0.76124,19.2285,121.36,I,7.034073228,41,0,0.97826087,0.065915881,WPS,bioregprop,0.161278386,761240
1577,0.76243,10.5794,118.72,I,28.44822786,14,0,0.5,0.061016077,WPS,bioregprop,0.114612804,762430
1425,0.76672,10.1859,118.24,VII,0.277706075,12,0,0.434782609,0.063689552,WPS,bioregprop,0.107918125,766720
2652,0.76952,10.0284,122.4,II,9.613191747,242,0.03,0.586956522,0.061997361,SS,nearest1,0.238381537,769520
2419,0.77075,13.2406,121.76,I,25.1071584,242,0.03,0.847826087,0.06335719,VS,bioregprop,0.238381537,770750
2563,0.77299,12.3043,122.08,I,33.68850456,392,0.04,0.847826087,0.063501945,VS,bioregprop,0.259328607,772990
3622,0.77364,10.8152,125.92,V,3.102983067,242,0.03,0.804347826,0.07546048,SPS,bioregprop,0.238381537,773640
1959,0.77492,5.9891,120.16,I,16.69383884,27,0,0.065217391,0.072561776,SS,bioregprop,0.143136376,774920
2769,0.7769,13.7073,122.8,I,25.03290129,788,0.06,0.869565217,0.068692516,VS,bioregprop,0.289652622,776900
2526,0.77748,7.7364,122,I,46.73489701,242,0.03,0.282608696,0.073283277,SS,bioregprop,0.238381537,777480
2516,0.78028,20.5076,121.92,II,14.57079757,27,0,0.956521739,0.069077352,NPS,bioregprop,0.143136376,780280
1329,0.78358,6.8635,118,I,39.76127299,12,0,0.108695652,0.070777294,SS,bioregprop,0.107918125,783580
904,0.78467,11.0508,116.48,I,42.38227614,1,0,0.5,0.05897219,WPS,bioregprop,0,784670
1445,0.78498,7.4192,118.3199,I,43.20120753,242,0.03,0.152173913,0.068874388,SS,bioregprop,0.238381537,784980
1647,0.79144,11.2078,118.96,I,9.827146875,31,0,0.630434783,0.058423577,WPS,bioregprop,0.149136169,791440
1929,0.79431,5.4318,120.08,I,54.821632,242,0.03,0.043478261,0.070605423,CS,bioregprop,0.238381537,794310
3655,0.79949,9.0817,126.24,II,8.21133491,3500,0.08,0.565217391,0.070421667,SPS,nearest1,0.354406804,799490
3404,0.80058,11.1293,125.04,I,17.44324394,1605,0.07,0.847826087,0.075509496,VS,bioregprop,0.320547504,800580
2853,0.80308,13.3184,123.12,III,61.20856028,242,0.03,0.869565217,0.06667796,VS,bioregprop,0.238381537,803080
1206,0.8049,9.4765,117.6,I,38.45753036,242,0.03,0.391304348,0.063588067,WPS,bioregprop,0.238381537,804900
3537,0.80669,10.5007,125.52,V,7.27885949,176,0.03,0.760869565,0.072855938,VS,bioregprop,0.224551267,806690
2570,0.80702,14.3283,122.08,I,51.05330731,242,0.03,0.891304348,0.068837794,NPS,bioregprop,0.238381537,807020
2829,0.80772,14.3283,123.04,VII,0.242965198,322,0.04,0.913043478,0.072443322,NPS,bioregprop,0.250785587,807720
2038,0.80791,6.2277,120.4,I,38.8870642,45,0,0.065217391,0.074611873,SS,bioregprop,0.165321251,807910
1459,0.80813,10.1859,118.3199,I,16.96211519,13,0,0.47826087,0.063940572,WPS,bioregprop,0.111394335,808130
3478,0.80821,9.3976,125.36,V,4.856422809,183,0.03,0.586956522,0.067718093,VS,bioregprop,0.226245109,808210
2762,0.81036,12.1479,122.8,I,33.76607424,190,0.03,0.826086957,0.064920594,VS,bioregprop,0.22787536,810360
2776,0.81037,9.0817,122.88,III,38.17806346,338,0.04,0.5,0.069829574,SS,bioregprop,0.25289167,810370
3043,0.81069,10.658,123.6801,I,13.76470436,242,0.03,0.739130435,0.071251387,VS,nearest1,0.238381537,810690
1804,0.81147,12.3043,119.6801,I,41.04093937,81,0,0.760869565,0.060780769,WPS,bioregprop,0.190848502,811470
3375,0.81268,9.1607,124.8,I,8.044367185,1450,0.07,0.543478261,0.068803328,VS,bioregprop,0.3161368,812680
2923,0.81345,10.0284,123.36,IV,15.09831228,242,0.03,0.630434783,0.075327088,VS,bioregprop,0.238381537,813450
983,0.81351,11.0508,116.8,I,45.98816902,1,0,0.52173913,0.057908989,WPS,bioregprop,0,813510
3217,0.81458,12.7729,124.16,I,40.45706761,1887,0.07,0.869565217,0.066872027,NPS,bioregprop,0.32757719,814580
2438,0.82108,5.9095,121.84,I,37.189513,242,0.03,0.043478261,0.073013073,CS,bioregprop,0.238381537,821080
1974,0.82108,16.641,120.16,I,18.94343828,242,0.03,0.934782609,0.068299794,WPS,bioregprop,0.238381537,821080
3328,0.82189,12.7729,124.5601,II,20.98581915,242,0.03,0.869565217,0.068712421,NPS,nearest1,0.238381537,821890
3070,0.82311,10.8938,123.76,V,6.16462623,242,0.03,0.739130435,0.069644277,VS,nearest1,0.238381537,823110
2440,0.82398,6.3867,121.84,I,13.411515,242,0.03,0.086956522,0.068702989,CS,bioregprop,0.238381537,823980
1390,0.82407,6.7046,118.16,II,9.457646251,12,0,0.086956522,0.0702744,SS,bioregprop,0.107918125,824070
2746,0.82633,12.3825,122.72,V,5.16459346,280,0.03,0.869565217,0.064507019,VS,bioregprop,0.244715803,826330
1248,0.82647,8.2909,117.76,I,17.36713394,242,0.03,0.239130435,0.063027103,SS,bioregprop,0.238381537,826470
2781,0.82719,12.2261,122.88,V,8.55404465,188,0.03,0.847826087,0.064537118,VS,bioregprop,0.227415785,827190
1895,0.82733,10.422,119.92,I,24.51110369,242,0.03,0.543478261,0.067972974,SS,bioregprop,0.238381537,827330
3540,0.82809,11.5216,125.52,I,16.21330465,306,0.04,0.869565217,0.076709096,NPS,bioregprop,0.248572143,828090
3485,0.83051,10.1859,125.36,I,34.35475743,242,0.03,0.739130435,0.069025848,VS,bioregprop,0.238381537,830510
2780,0.83385,12.1479,122.88,III,28.48756485,188,0.03,0.847826087,0.06476757,VS,bioregprop,0.227415785,833850
3517,0.8349,10.5007,125.4399,I,13.86073057,242,0.03,0.760869565,0.07277587,VS,bioregprop,0.238381537,834900
1360,0.83711,7.0224,118.08,I,54.22748528,242,0.03,0.130434783,0.070887228,SS,bioregprop,0.238381537,837110
1998,0.84024,17.6348,120.24,VII,0.372815891,242,0.03,0.956521739,0.07156193,WPS,nearest1,0.238381537,840240
1181,0.84122,9.3976,117.52,I,39.85340089,242,0.03,0.391304348,0.063258654,WPS,bioregprop,0.238381537,841220
940,0.84477,11.2078,116.64,I,33.67691033,242,0.03,0.586956522,0.057481539,WPS,bioregprop,0.238381537,844770
2970,0.84507,14.0956,123.4399,I,22.67307951,306,0.04,0.913043478,0.071827028,NPS,bioregprop,0.248572143,845070
2479,0.84756,6.8635,121.92,Outlier,34.74005866,242,0.03,0.130434783,0.068940221,SS,bioregprop,0.238381537,847560
1158,0.84832,9.2397,117.4399,I,27.72705729,8,0,0.391304348,0.062822668,WPS,bioregprop,0.090308999,848320
1511,0.85027,10.422,118.48,I,12.62131572,12,0,0.52173913,0.062104795,WPS,bioregprop,0.107918125,850270
2269,0.85183,18.9261,121.2,I,41.13303728,86,0,0.956521739,0.068724388,WPS,bioregprop,0.193449845,851830
1760,0.85724,5.8299,119.52,I,13.11917478,242,0.03,0.065217391,0.076281437,SS,bioregprop,0.238381537,857240
1276,0.85767,7.0224,117.84,I,19.90758435,13,0,0.130434783,0.070892793,SS,bioregprop,0.111394335,857670
3184,0.85809,12.0697,124.08,III,37.30178527,242,0.03,0.847826087,0.065113434,VS,bioregprop,0.238381537,858090
3278,0.8643,11.6783,124.3199,V,5.310233087,297,0.03,0.847826087,0.07060529,VS,bioregprop,0.247275645,864300
2701,0.86651,8.1326,122.5601,Outlier,36.67746258,242,0.03,0.347826087,0.070625259,SS,bioregprop,0.238381537,866510
3369,0.86723,10.658,124.72,VI,17.72502338,242,0.03,0.782608696,0.07239629,VS,nearest1,0.238381537,867230
2347,0.86753,6.0686,121.52,VI,7.159154,951,0.06,0.065217391,0.071691362,CS,bioregprop,0.297818052,867530
2943,0.8686,7.4985,123.4399,I,5.878548,296,0.03,0.282608696,0.073177512,CS,nearest1,0.247129171,868600
840,0.87059,10.7366,116.16,I,50.45825252,1,0,0.5,0.061942304,WPS,bioregprop,0,870590
1486,0.87059,10.3434,118.4,I,16.26487084,13,0,0.5,0.062824563,WPS,bioregprop,0.111394335,870590
2055,0.871,17.9395,120.4,I,50.19126051,588,0.05,0.956521739,0.071506965,WPS,bioregprop,0.276937733,871000
3247,0.8711,11.9132,124.24,III,52.15483141,221,0.03,0.847826087,0.06847413,VS,bioregprop,0.234439227,871100
3483,0.87221,9.9496,125.36,VI,27.8325973,223,0.03,0.717391304,0.067714639,VS,bioregprop,0.234830486,872210
2066,0.87443,12.6168,120.48,I,38.67379566,160,0.03,0.826086957,0.064590722,WPS,bioregprop,0.220411998,874430
1990,0.88277,13.9404,120.24,I,29.064486,242,0.03,0.891304348,0.066086118,WPS,nearest1,0.238381537,882770
3581,0.8834,10.422,125.6801,II,18.7534889,111,0.03,0.760869565,0.072048548,SPS,bioregprop,0.204532298,883400
1183,0.88612,11.6783,117.52,I,20.44915453,242,0.03,0.630434783,0.060076132,WPS,bioregprop,0.238381537,886120
2897,0.88682,10.0284,123.28,I,16.92245004,735,0.05,0.630434783,0.075164202,VS,nearest1,0.286628734,886820
3323,0.8871,10.5794,124.5601,I,18.13306585,353,0.04,0.739130435,0.07182808,VS,bioregprop,0.254777471,887100
952,0.88762,10.3434,116.72,I,37.16098212,242,0.03,0.47826087,0.061979509,WPS,bioregprop,0.238381537,887620
2150,0.88901,11.5999,120.72,I,25.65160679,242,0.03,0.695652174,0.061717696,SS,bioregprop,0.238381537,889010
1081,0.88971,8.7656,117.2,VII,0.539687247,8,0,0.347826087,0.05965273,WPS,bioregprop,0.090308999,889710
2550,0.89087,19.5304,122,II,20.97001922,25,0,0.97826087,0.065999345,NPS,bioregprop,0.139794001,890870
2415,0.89328,11.8349,121.76,III,36.86481508,242,0.03,0.717391304,0.064447984,SS,bioregprop,0.238381537,893280
2532,0.8936,12.0697,122,I,23.34146417,345,0.04,0.804347826,0.063556462,VS,bioregprop,0.25378191,893600
2169,0.89403,6.3867,120.8,I,41.62362432,50,0,0.065217391,0.07460197,SS,bioregprop,0.169897,894030
3475,0.89668,9.0027,125.36,I,57.98212738,11583,0.1,0.543478261,0.073661665,VS,bioregprop,0.406382106,896680
3242,0.898,11.5216,124.24,I,35.49595751,267,0.03,0.847826087,0.069935525,VS,bioregprop,0.242651126,898000
1833,0.89816,11.2863,119.76,I,27.93446607,51,0,0.652173913,0.061449528,SS,bioregprop,0.170757018,898160
1140,0.90036,10.658,117.36,VI,13.85923078,3,0,0.52173913,0.055532688,WPS,bioregprop,0.047712125,900360
1962,0.90162,11.5216,120.16,I,23.59488427,67,0,0.673913043,0.061390755,SS,bioregprop,0.18260748,901620
1901,0.90707,15.0248,119.92,VI,19.49563878,653,0.05,0.913043478,0.063157396,WPS,bioregprop,0.281491318,907070
2555,0.91155,7.5778,122.08,I,23.91488924,197,0.03,0.260869565,0.074233433,SS,bioregprop,0.229446623,911550
2292,0.91473,19.0774,121.28,I,18.92835967,55,0,0.956521739,0.067071153,WPS,bioregprop,0.174036269,914730
1649,0.91584,11.3647,118.96,I,35.08675617,34,0,0.630434783,0.058271181,WPS,bioregprop,0.153147892,915840
1109,0.91589,9.0817,117.28,I,11.57387598,7,0,0.391304348,0.061548547,WPS,bioregprop,0.084509804,915890
1065,0.91924,9.0027,117.12,I,47.8687701,242,0.03,0.391304348,0.059575558,WPS,bioregprop,0.238381537,919240
1625,0.92195,10.2646,118.88,I,13.03585575,19,0,0.5,0.062406331,WPS,bioregprop,0.12787536,921950
3084,0.92508,6.8635,123.84,I,26.869209,242,0.03,0.195652174,0.073010148,CS,bioregprop,0.238381537,925080
3531,0.92512,5.4318,125.52,I,11.88398,82,0,0.086956522,0.075789876,CS,bioregprop,0.191381385,925120
2499,0.92943,12.8509,121.92,III,44.14897268,242,0.03,0.847826087,0.063252978,VS,bioregprop,0.238381537,929430
705,0.93029,9.792,114.48,I,44.41969645,242,0.03,0.456521739,0.064712309,WPS,bioregprop,0.238381537,930290
1865,0.93058,10.422,119.84,I,12.24404771,37,0,0.52173913,0.067533196,SS,bioregprop,0.156820172,930580
3500,0.93299,5.3522,125.4399,I,49.457732,242,0.03,0.086956522,0.077098945,CS,bioregprop,0.238381537,932990
938,0.93302,11.0508,116.64,I,36.00842714,242,0.03,0.52173913,0.058256207,WPS,bioregprop,0.238381537,933020
3686,0.93449,7.6571,126.5601,VII,0.438731401,304,0.04,0.391304348,0.073017463,SPS,bioregprop,0.248287358,934490
2088,0.93685,6.4662,120.5601,I,39.60686355,242,0.03,0.065217391,0.076842407,SS,bioregprop,0.238381537,936850
3628,0.93837,6.8635,126,I,26.486559,259,0.03,0.282608696,0.067871291,CS,bioregprop,0.241329976,938370
2562,0.94069,12.2261,122.08,I,26.03302651,270,0.03,0.804347826,0.063500736,VS,bioregprop,0.243136376,940690
3412,0.94069,9.0027,125.12,I,20.8036791,424,0.04,0.543478261,0.071729741,VS,bioregprop,0.262736586,940690
2078,0.94627,18.5473,120.48,I,18.13029106,242,0.03,0.956521739,0.076260933,WPS,bioregprop,0.238381537,946270
2815,0.94774,11.5216,123.04,V,4.822004627,487,0.04,0.782608696,0.060047941,VS,bioregprop,0.268752896,947740
915,0.94783,9.7131,116.5601,I,45.2915778,2,0,0.413043478,0.064218696,WPS,bioregprop,0.030103,947830
2825,0.95015,12.8509,123.04,I,28.29479748,242,0.03,0.869565217,0.063634611,VS,bioregprop,0.238381537,950150
2859,0.95017,8.6865,123.2,Outlier,50.08413595,242,0.03,0.456521739,0.064022407,SS,bioregprop,0.238381537,950170
916,0.95116,10.3434,116.5601,I,23.04512318,1,0,0.5,0.063352905,WPS,bioregprop,0,951160
2470,0.95179,19.5304,121.84,VII,0.372623792,242,0.03,0.97826087,0.065730485,NPS,bioregprop,0.238381537,951790
2039,0.95381,6.3072,120.4,I,13.40742419,242,0.03,0.065217391,0.075573462,SS,bioregprop,0.238381537,953810
1391,0.95484,7.4985,118.16,Outlier,37.6876412,9,0,0.152173913,0.068540521,SS,bioregprop,0.095424251,954840
2506,0.95545,14.5607,121.92,I,21.93945539,758,0.06,0.891304348,0.071234691,NPS,bioregprop,0.287966921,955450
2941,0.95578,13.0068,123.36,V,2.628203038,490,0.04,0.869565217,0.063471311,VS,bioregprop,0.269019608,955780
1898,0.95705,13.8627,119.92,I,28.77824168,242,0.03,0.869565217,0.065980074,WPS,bioregprop,0.238381537,957050
2867,0.95951,11.6783,123.2,I,20.47324152,322,0.04,0.804347826,0.059392034,VS,bioregprop,0.250785587,959510
2978,0.96015,9.7131,123.52,V,5.905309179,759,0.06,0.586956522,0.071605752,VS,bioregprop,0.288024178,960150
2646,0.96122,7.1017,122.4,I,20.870341,242,0.03,0.130434783,0.07019457,CS,bioregprop,0.238381537,961220
3576,0.96186,6.8635,125.6801,I,23.559672,242,0.03,0.282608696,0.060237094,CS,nearest1,0.238381537,961860
1963,0.9631,11.5999,120.16,I,19.19811541,67,0,0.673913043,0.061073332,SS,bioregprop,0.18260748,963100
1986,0.9642,13.3963,120.24,I,36.76329783,242,0.03,0.869565217,0.067756821,WPS,bioregprop,0.238381537,964200
723,0.96527,9.8708,114.5601,I,36.62723766,1,0,0.456521739,0.062888814,WPS,bioregprop,0,965270
2533,0.96613,12.6168,122,I,31.35233648,341,0.04,0.847826087,0.06330953,VS,bioregprop,0.253275438,966130
3481,0.96682,9.792,125.36,I,29.29572423,242,0.03,0.652173913,0.067554096,VS,bioregprop,0.238381537,966820
2602,0.96999,6.7046,122.24,IV,18.7647,242,0.03,0.108695652,0.070481661,CS,bioregprop,0.238381537,969990
3014,0.97084,10.5794,123.6,V,0.87202164,242,0.03,0.717391304,0.071121501,VS,bioregprop,0.238381537,970840
3663,0.97273,8.7656,126.3199,I,19.77356004,1557,0.07,0.543478261,0.071233406,SPS,bioregprop,0.319228861,972730
1707,0.97325,11.7566,119.28,I,18.47371836,45,0,0.717391304,0.058887214,WPS,bioregprop,0.165321251,973250
3458,0.97636,11.0508,125.28,I,28.07169651,242,0.03,0.847826087,0.076622155,VS,bioregprop,0.238381537,976360
1505,0.97908,9.0817,118.48,I,31.57815151,242,0.03,0.347826087,0.067149395,SS,bioregprop,0.238381537,979080
2960,0.98201,11.5999,123.4399,III,28.56890871,232,0.03,0.826086957,0.060022011,VS,bioregprop,0.236548798,982010
3244,0.98322,11.6783,124.24,I,20.28568808,242,0.03,0.847826087,0.069448227,VS,bioregprop,0.238381537,983220
1305,0.99069,6.9429,117.92,I,25.2865667,12,0,0.108695652,0.070975536,SS,bioregprop,0.107918125,990690
3007,0.99166,9.3186,123.6,V,3.392109751,369,0.04,0.543478261,0.065481471,VS,nearest1,0.256702637,991660
1172,0.9962,7.3398,117.52,I,54.69138355,13,0,0.130434783,0.068749899,SS,bioregprop,0.111394335,996200
2869,0.99852,11.9132,123.2,IV,20.43807514,867,0.06,0.847826087,0.060397613,VS,bioregprop,0.29380191,998520
2374,0.99859,6.4662,121.6,I,28.85957833,242,0.03,0.108695652,0.068373296,SS,bioregprop,0.238381537,998590
2281,1.0002,10.0284,121.28,I,27.49082437,242,0.03,0.52173913,0.069153193,SS,bioregprop,0.238381537,1000200
905,1.0068,11.1293,116.48,V,3.16960798,1,0,0.52173913,0.058534041,WPS,bioregprop,0,1006800
2178,1.0087,11.5216,120.8,I,11.68182782,242,0.03,0.673913043,0.062455061,SS,bioregprop,0.238381537,1008700
939,1.0095,11.1293,116.64,I,28.0813032,242,0.03,0.52173913,0.057810359,WPS,bioregprop,0.238381537,1009500
3288,1.0114,8.6865,124.4,III,62.60248901,242,0.03,0.52173913,0.071483164,VS,nearest1,0.238381537,1011400
2219,1.0142,11.3647,120.96,I,26.23801862,92,0,0.652173913,0.064081989,SS,bioregprop,0.196378783,1014200
3083,1.017,6.7841,123.84,I,44.92403,242,0.03,0.195652174,0.07343223,CS,bioregprop,0.238381537,1017000
2725,1.0177,10.3434,122.64,I,16.36411678,430,0.04,0.630434783,0.061585182,SS,bioregprop,0.263346846,1017700
1245,1.0179,7.1811,117.76,I,20.08558825,12,0,0.130434783,0.070098266,SS,bioregprop,0.107918125,1017900
3479,1.0192,9.4765,125.36,I,19.12528037,197,0.03,0.608695652,0.067302157,VS,bioregprop,0.229446623,1019200
3027,1.024,13.5518,123.6,I,16.12290047,1284,0.07,0.869565217,0.070279877,NPS,bioregprop,0.310856502,1024000
2376,1.0251,6.7046,121.6,I,13.22398799,83,0,0.108695652,0.068831764,SS,bioregprop,0.191907809,1025100
2619,1.0261,6.7841,122.3199,I,38.887076,242,0.03,0.108695652,0.07006808,CS,bioregprop,0.238381537,1026100
1795,1.0278,5.1132,119.6801,I,7.340234,242,0.03,0.02173913,0.075561256,CS,bioregprop,0.238381537,1027800
2670,1.0356,7.1811,122.48,I,32.640351,242,0.03,0.152173913,0.07063126,CS,bioregprop,0.238381537,1035600
3586,1.0377,11.2078,125.6801,II,20.68704856,284,0.03,0.847826087,0.078460275,NPS,bioregprop,0.245331834,1037700
3160,1.0397,13.9404,124,I,25.53502989,204,0.03,0.913043478,0.071939096,NPS,nearest1,0.230963017,1039700
1632,1.0406,11.2078,118.88,I,25.38860994,29,0,0.630434783,0.058549183,WPS,bioregprop,0.1462398,1040600
2917,1.0418,8.7656,123.36,I,57.49217404,242,0.03,0.47826087,0.063090307,SS,nearest1,0.238381537,1041800
1346,1.0421,10.0284,118,I,17.16642301,242,0.03,0.434782609,0.063047107,WPS,bioregprop,0.238381537,1042100
1137,1.0431,9.1607,117.36,I,12.38662031,7,0,0.391304348,0.062284185,WPS,bioregprop,0.084509804,1043100
1246,1.0487,7.2605,117.76,I,19.98345039,12,0,0.130434783,0.069750797,SS,bioregprop,0.107918125,1048700
3636,1.0494,6.2277,126.08,I,17.508472,242,0.03,0.173913043,0.072614344,CS,nearest1,0.238381537,1049400
930,1.0512,10.3434,116.64,I,39.28781555,2,0,0.47826087,0.062695207,WPS,bioregprop,0.030103,1051200
3258,1.0522,13.0848,124.24,I,50.14351443,461,0.04,0.869565217,0.068552104,NPS,bioregprop,0.266370093,1052200
2836,1.0528,8.7656,123.12,III,40.95700301,242,0.03,0.456521739,0.064850447,SS,bioregprop,0.238381537,1052800
1709,1.057,11.9132,119.28,I,24.24668757,242,0.03,0.717391304,0.059373606,WPS,bioregprop,0.238381537,1057000
2972,1.0606,7.7364,123.52,I,41.773445,341,0.04,0.347826087,0.070190598,CS,nearest1,0.253275438,1060600
3050,1.0631,11.7566,123.6801,I,12.60661995,242,0.03,0.847826087,0.060887447,VS,bioregprop,0.238381537,1063100
2595,1.0779,14.3283,122.16,I,46.42391571,510,0.05,0.891304348,0.068845819,NPS,bioregprop,0.270757018,1077900
3153,1.0782,12.0697,124,I,17.09033569,414,0.04,0.847826087,0.063725745,VS,bioregprop,0.261700034,1078200
2294,1.0838,19.3041,121.28,I,19.01642553,242,0.03,0.97826087,0.067278374,WPS,bioregprop,0.238381537,1083800
988,1.0856,11.9915,116.8,I,26.16031166,242,0.03,0.630434783,0.059783668,WPS,bioregprop,0.238381537,1085600
3358,1.0891,8.7656,124.72,III,39.92942258,242,0.03,0.52173913,0.072875168,VS,nearest1,0.238381537,1089100
1375,1.0906,9.4765,118.08,I,39.88346655,17,0,0.391304348,0.067073235,WPS,bioregprop,0.123044892,1090600
3201,1.0917,10.5794,124.16,III,36.76199759,242,0.03,0.739130435,0.07319651,VS,bioregprop,0.238381537,1091700
3507,1.0923,9.0817,125.4399,I,31.20669978,242,0.03,0.565217391,0.073298286,VS,bioregprop,0.238381537,1092300
812,1.0937,11.2078,115.92,I,38.93090125,242,0.03,0.586956522,0.063307245,WPS,bioregprop,0.238381537,1093700
1703,1.0959,10.1072,119.28,I,44.42796363,56,0,0.5,0.064450427,SS,bioregprop,0.174818803,1095900
2623,1.0961,7.2605,122.3199,I,11.981852,365,0.04,0.152173913,0.072359085,CS,bioregprop,0.256229286,1096100
1693,1.0987,11.6783,119.2,I,37.58956038,43,0,0.717391304,0.058609218,WPS,bioregprop,0.163346846,1098700
3518,1.099,10.9723,125.4399,V,9.018302926,242,0.03,0.847826087,0.077320832,VS,nearest1,0.238381537,1099000
1685,1.0992,10.0284,119.2,I,47.78839651,38,0,0.5,0.064488521,SS,bioregprop,0.15797836,1099200
1479,1.104,7.8156,118.4,Outlier,24.06914062,9,0,0.152173913,0.066573783,SS,bioregprop,0.095424251,1104000
3144,1.1084,7.4985,124,I,39.471191,242,0.03,0.326086957,0.067906479,CS,bioregprop,0.238381537,1108400
886,1.1086,11.1293,116.4,I,49.09858748,1,0,0.5,0.059150632,WPS,bioregprop,0,1108600
2937,1.1114,11.9915,123.36,V,8.4805206,242,0.03,0.847826087,0.059840022,VS,bioregprop,0.238381537,1111400
2498,1.1174,12.7729,121.92,III,34.56046069,242,0.03,0.847826087,0.063229229,VS,bioregprop,0.238381537,1117400
3038,1.1203,9.7131,123.6801,I,16.27098607,242,0.03,0.586956522,0.069876869,VS,nearest1,0.238381537,1120300
2279,1.1219,9.8708,121.28,Outlier,56.9916213,242,0.03,0.52173913,0.06974147,SS,bioregprop,0.238381537,1121900
2988,1.1252,11.3647,123.52,I,10.07739294,255,0.03,0.782608696,0.062510322,VS,bioregprop,0.240654018,1125200
2597,1.1256,16.1805,122.16,II,25.86844079,257,0.03,0.934782609,0.072672536,NPS,bioregprop,0.240993312,1125600
2024,1.1389,17.3296,120.3199,V,4.90675114,242,0.03,0.956521739,0.070874889,WPS,nearest1,0.238381537,1138900
2306,1.142,11.3647,121.36,III,37.89186213,242,0.03,0.673913043,0.065994251,SS,bioregprop,0.238381537,1142000
1397,1.1441,9.5554,118.16,I,39.82874928,17,0,0.391304348,0.06759119,WPS,bioregprop,0.123044892,1144100
2408,1.1478,20.3576,121.6801,I,39.99870845,242,0.03,0.956521739,0.070224832,NPS,bioregprop,0.238381537,1147800
1966,1.1484,12.6948,120.16,I,16.21219058,242,0.03,0.804347826,0.06277164,WPS,bioregprop,0.238381537,1148400
3365,1.1486,10.1859,124.72,III,27.93357672,414,0.04,0.695652174,0.068355113,VS,nearest1,0.261700034,1148600
3006,1.1488,9.0817,123.6,I,11.85782887,325,0.04,0.52173913,0.062728452,VS,bioregprop,0.251188336,1148800
3280,1.1525,11.9915,124.3199,III,56.12697166,242,0.03,0.847826087,0.069130775,VS,bioregprop,0.238381537,1152500
743,1.1545,10.2646,114.64,I,27.84031697,0,0,0.47826087,0.060538501,WPS,bioregprop,0,1154500
1530,1.1571,9.8708,118.5601,I,22.88252558,38,0,0.434782609,0.066144054,WPS,bioregprop,0.15797836,1157100
3596,1.1581,10.8152,125.76,II,14.79388389,129,0.03,0.804347826,0.076083561,SPS,bioregprop,0.211058971,1158100
2862,1.1608,9.5554,123.2,I,33.42906327,570,0.05,0.543478261,0.072952596,VS,nearest1,0.275587486,1160800
1661,1.1632,11.2863,119.04,I,5.205566755,35,0,0.630434783,0.058228429,WPS,bioregprop,0.154406804,1163200
2052,1.1638,17.4059,120.4,V,5.819623755,664,0.05,0.956521739,0.070488744,WPS,nearest1,0.282216808,1163800
1333,1.1645,8.5283,118,I,16.86311317,242,0.03,0.239130435,0.063048956,SS,bioregprop,0.238381537,1164500
2471,1.1653,20.2076,121.84,II,43.53386709,21,0,0.956521739,0.069320836,NPS,bioregprop,0.132221929,1165300
2327,1.1657,11.7566,121.4399,I,24.34558347,242,0.03,0.695652174,0.06563935,SS,bioregprop,0.238381537,1165700
1815,1.1667,16.3341,119.6801,I,27.40085788,242,0.03,0.956521739,0.065714662,WPS,bioregprop,0.238381537,1166700
2924,1.1701,10.1072,123.36,I,22.76755992,242,0.03,0.630434783,0.07456359,VS,bioregprop,0.238381537,1170100
3141,1.1795,6.5457,124,I,34.077581,118,0.03,0.152173913,0.076071594,CS,bioregprop,0.207188201,1179500
2800,1.18,12.9289,122.96,III,47.38381656,242,0.03,0.869565217,0.064176292,VS,bioregprop,0.238381537,1180000
2177,1.1819,11.2863,120.8,I,37.49229194,81,0,0.652173913,0.063904477,SS,bioregprop,0.190848502,1181900
3100,1.1821,11.3647,123.84,I,41.50619149,277,0.03,0.804347826,0.065666646,VS,bioregprop,0.244247977,1182100
3558,1.1822,6.8635,125.6,I,18.247627,242,0.03,0.282608696,0.059350659,CS,nearest1,0.238381537,1182200
2182,1.1834,13.6296,120.8,I,44.3276913,242,0.03,0.891304348,0.065372322,WPS,bioregprop,0.238381537,1183400
1107,1.1842,8.9237,117.28,I,40.86954277,9,0,0.369565217,0.060975296,WPS,bioregprop,0.095424251,1184200
2524,1.1859,7.5778,122,I,35.95351206,242,0.03,0.282608696,0.07397772,SS,bioregprop,0.238381537,1185900
2693,1.1862,17.1768,122.48,I,48.22474746,158,0.03,0.956521739,0.077868148,NPS,bioregprop,0.219865709,1186200
1947,1.1907,16.3341,120.08,VI,21.15423307,657,0.05,0.934782609,0.067260986,WPS,nearest1,0.281756537,1190700
3069,1.1908,10.8152,123.76,V,4.892015255,242,0.03,0.739130435,0.070455528,VS,nearest1,0.238381537,1190800
1999,1.195,17.711,120.24,I,25.58517626,242,0.03,0.956521739,0.071489724,WPS,bioregprop,0.238381537,1195000
3116,1.1989,7.2605,123.92,I,44.056636,242,0.03,0.282608696,0.069952354,CS,bioregprop,0.238381537,1198900
2201,1.202,11.1293,120.88,I,42.54043446,242,0.03,0.652173913,0.06492367,SS,bioregprop,0.238381537,1202000
1900,1.2047,14.9475,119.92,I,37.40003319,242,0.03,0.913043478,0.0633187,WPS,bioregprop,0.238381537,1204700
2902,1.2062,11.2863,123.28,IV,10.79416607,353,0.04,0.717391304,0.061100233,VS,bioregprop,0.254777471,1206200
3661,1.2063,6.7841,126.3199,III,57.61561072,165,0.03,0.282608696,0.074824083,SPS,bioregprop,0.221748394,1206300
2711,1.2151,13.6296,122.5601,I,28.11907012,859,0.06,0.869565217,0.067291271,VS,bioregprop,0.293399316,1215100
1415,1.2156,8.8447,118.24,I,24.76824787,21,0,0.304347826,0.064973488,SS,bioregprop,0.132221929,1215600
1450,1.2171,8.9237,118.3199,I,32.27749149,242,0.03,0.304347826,0.065693268,SS,bioregprop,0.238381537,1217100
1814,1.2171,16.2574,119.6801,I,8.625336768,242,0.03,0.934782609,0.065447243,WPS,bioregprop,0.238381537,1217100
3004,1.2191,7.7364,123.6,I,37.040974,242,0.03,0.347826087,0.069424635,CS,nearest1,0.238381537,1219100
1474,1.2205,6.1482,118.4,II,9.728904546,33,0,0.065217391,0.071161061,SS,bioregprop,0.151851394,1220500
2665,1.2222,14.7929,122.4,I,24.75288634,299,0.03,0.934782609,0.073986298,NPS,nearest1,0.247567119,1222200
984,1.2225,11.1293,116.8,I,38.72704672,1,0,0.565217391,0.05764414,WPS,bioregprop,0,1222500
960,1.2242,11.0508,116.72,I,23.7879106,1,0,0.52173913,0.058041282,WPS,bioregprop,0,1224200
2664,1.2247,14.6381,122.4,I,26.95822358,242,0.03,0.934782609,0.072490105,NPS,bioregprop,0.238381537,1224700
1156,1.2258,9.0817,117.4399,VI,13.85588417,9,0,0.391304348,0.062508763,WPS,bioregprop,0.095424251,1225800
2689,1.2261,14.7155,122.48,I,15.64066048,318,0.04,0.934782609,0.073745239,NPS,nearest1,0.250242712,1226100
2354,1.2278,6.9429,121.52,I,10.69362466,92,0,0.130434783,0.071534442,SS,bioregprop,0.196378783,1227800
3156,1.228,13.5518,124,I,33.8329414,242,0.03,0.891304348,0.070466728,NPS,nearest1,0.238381537,1228000
3645,1.2358,9.3976,126.16,V,4.337482043,156,0.03,0.608695652,0.071551451,SPS,bioregprop,0.21931246,1235800
3658,1.2376,9.3186,126.24,II,16.91756826,187,0.03,0.608695652,0.071166562,SPS,bioregprop,0.227184161,1237600
1444,1.2397,7.3398,118.3199,I,22.38227119,242,0.03,0.130434783,0.069410307,SS,bioregprop,0.238381537,1239700
2754,1.2401,14.4832,122.72,I,45.07711956,274,0.03,0.934782609,0.072938367,NPS,bioregprop,0.243775056,1240100
1904,1.2466,15.3336,119.92,I,37.0722829,972,0.06,0.934782609,0.063040303,WPS,bioregprop,0.298766626,1246600
2449,1.2472,11.8349,121.84,Outlier,46.96409162,320,0.04,0.739130435,0.064254825,SS,bioregprop,0.250514998,1247200
823,1.2492,11.2863,116,I,48.86772188,1,0,0.565217391,0.062450787,WPS,bioregprop,0,1249200
1724,1.2502,11.4432,119.36,I,9.631828916,242,0.03,0.717391304,0.05875823,WPS,bioregprop,0.238381537,1250200
2573,1.2546,16.1037,122.08,II,9.703884901,277,0.03,0.934782609,0.071879055,NPS,bioregprop,0.244247977,1254600
3276,1.2571,11.2863,124.3199,I,14.62134871,284,0.03,0.826086957,0.070911495,VS,bioregprop,0.245331834,1257100
2046,1.2584,13.2406,120.4,I,37.18264824,242,0.03,0.869565217,0.06798978,WPS,nearest1,0.238381537,1258400
2705,1.2615,11.5999,122.5601,I,33.79691853,755,0.06,0.739130435,0.065536418,VS,bioregprop,0.287794695,1261500
3145,1.2652,7.5778,124,I,44.53939,242,0.03,0.347826087,0.06807814,CS,bioregprop,0.238381537,1265200
2284,1.2672,11.9132,121.28,I,19.78383207,242,0.03,0.717391304,0.065091511,SS,bioregprop,0.238381537,1267200
2283,1.2679,11.7566,121.28,I,36.03308816,242,0.03,0.673913043,0.065228776,SS,bioregprop,0.238381537,1267900
1945,1.2746,16.1805,120.08,I,39.95992264,901,0.06,0.934782609,0.066762471,WPS,bioregprop,0.295472479,1274600
1914,1.2747,9.0027,120,I,25.06697551,242,0.03,0.369565217,0.066785022,SS,bioregprop,0.238381537,1274700
2918,1.2783,8.8447,123.36,I,16.81665606,242,0.03,0.47826087,0.06305744,VS,nearest1,0.238381537,1278300
1940,1.2792,13.7073,120.08,VI,12.41632524,242,0.03,0.869565217,0.066903963,WPS,bioregprop,0.238381537,1279200
2605,1.28,12.5387,122.24,III,45.71615597,239,0.03,0.847826087,0.064089938,VS,bioregprop,0.23783979,1280000
3283,1.2802,14.018,124.3199,II,28.02794157,183,0.03,0.913043478,0.073384047,NPS,nearest1,0.226245109,1280200
2412,1.282,6.4662,121.76,Outlier,42.39244529,98,0,0.108695652,0.068056089,SS,bioregprop,0.199122608,1282000
2108,1.2829,5.2725,120.64,I,23.382399,242,0.03,0.043478261,0.074335726,CS,bioregprop,0.238381537,1282900
2107,1.2832,5.1132,120.64,I,52.614582,242,0.03,0.02173913,0.075025529,CS,bioregprop,0.238381537,1283200
2134,1.2834,5.1929,120.72,I,62.743671,242,0.03,0.043478261,0.075468366,CS,bioregprop,0.238381537,1283400
2290,1.2843,18.9261,121.28,I,22.22816653,94,0,0.956521739,0.06739011,WPS,bioregprop,0.197312785,1284300
2144,1.2849,10.658,120.72,I,21.14235155,73,0,0.565217391,0.066984118,SS,bioregprop,0.186332286,1284900
1070,1.2914,11.5216,117.12,I,32.99638804,242,0.03,0.608695652,0.058089442,WPS,bioregprop,0.238381537,1291400
3207,1.292,11.5999,124.16,I,22.29835369,242,0.03,0.847826087,0.068531571,VS,bioregprop,0.238381537,1292000
2063,1.2945,6.2277,120.48,I,41.83811722,81,0,0.065217391,0.074353747,SS,bioregprop,0.190848502,1294500
2574,1.2967,18.3956,122.08,I,24.90024468,223,0.03,0.956521739,0.064807584,NPS,nearest1,0.234830486,1296700
1738,1.2981,9.9496,119.4399,I,30.53091317,24,0,0.47826087,0.066536706,SS,bioregprop,0.138021124,1298100
2441,1.2982,6.7046,121.84,Outlier,45.04556342,242,0.03,0.130434783,0.06804375,SS,bioregprop,0.238381537,1298200
2703,1.3015,9.3976,122.5601,Outlier,35.44289432,279,0.03,0.5,0.071794405,SS,bioregprop,0.24456042,1301500
1454,1.3103,9.7131,118.3199,I,26.39449482,22,0,0.413043478,0.067498823,WPS,bioregprop,0.134242268,1310300
2111,1.3144,5.5911,120.64,I,36.015459,242,0.03,0.043478261,0.072223669,CS,bioregprop,0.238381537,1314400
1917,1.3144,11.5216,120,I,33.558424,63,0,0.652173913,0.060867804,SS,bioregprop,0.179934055,1314400
1878,1.3145,15.1793,119.84,I,15.55265869,242,0.03,0.913043478,0.062474449,WPS,bioregprop,0.238381537,1314500
2751,1.32,13.6296,122.72,VI,28.22533537,242,0.03,0.869565217,0.067902926,VS,bioregprop,0.238381537,1320000
2628,1.3229,9.9496,122.3199,I,23.8413977,242,0.03,0.5,0.062381151,SS,bioregprop,0.238381537,1322900
3182,1.326,11.9132,124.08,I,6.663473481,239,0.03,0.847826087,0.065746145,VS,bioregprop,0.23783979,1326000
2889,1.3284,8.6865,123.28,I,35.47607558,299,0.03,0.47826087,0.063628964,SS,bioregprop,0.247567119,1328400
1912,1.3337,8.7656,120,I,43.03555038,22.5,0,0.326086957,0.068098778,SS,bioregprop,0.135218252,1333700
2087,1.3387,6.2277,120.5601,I,22.16126455,242,0.03,0.065217391,0.074077595,SS,bioregprop,0.238381537,1338700
2413,1.3414,6.7046,121.76,Outlier,45.71528698,242,0.03,0.130434783,0.06813589,SS,bioregprop,0.238381537,1341400
1044,1.3421,8.6074,117.04,I,47.48524706,7,0,0.347826087,0.057734803,WPS,bioregprop,0.084509804,1342100
3377,1.3448,10.1072,124.8,III,46.68613486,1437,0.07,0.695652174,0.067321277,VS,bioregprop,0.315745677,1344800
976,1.3496,8.1326,116.8,I,51.94585219,242,0.03,0.260869565,0.062624943,WPS,bioregprop,0.238381537,1349600
2254,1.3511,5.7503,121.2,I,25.940307,86,0,0.065217391,0.074546389,CS,bioregprop,0.193449845,1351100
2395,1.3601,5.9891,121.6801,I,28.391214,74,0,0.065217391,0.072150748,CS,bioregprop,0.186923172,1360100
3129,1.3616,12.2261,123.92,I,17.92222068,286,0.03,0.847826087,0.062064677,VS,bioregprop,0.245636603,1361600
1648,1.3622,11.2863,118.96,I,17.82166002,33,0,0.630434783,0.058290685,WPS,bioregprop,0.151851394,1362200
3588,1.364,9.6343,125.76,I,31.08216797,390,0.04,0.652173913,0.070252831,SPS,bioregprop,0.259106461,1364000
1312,1.3737,8.7656,117.92,I,15.63019523,60,0,0.304347826,0.063795997,SS,bioregprop,0.177815125,1373700
2040,1.3771,11.8349,120.4,Outlier,39.55377201,92,0,0.717391304,0.060453549,SS,bioregprop,0.196378783,1377100
3022,1.3789,11.6783,123.6,I,15.24409264,213,0.03,0.847826087,0.060650378,VS,bioregprop,0.23283796,1378900
813,1.3844,11.2863,115.92,I,36.77278536,242,0.03,0.586956522,0.063184395,WPS,bioregprop,0.238381537,1384400
3417,1.3871,11.0508,125.12,I,42.22710371,464,0.04,0.847826087,0.075813654,VS,bioregprop,0.266651798,1387100
3609,1.3878,10.1859,125.84,VII,1.059826531,109,0.03,0.760869565,0.070843766,SPS,bioregprop,0.20374265,1387800
3595,1.3923,10.658,125.76,II,23.6049637,166,0.03,0.782608696,0.074458867,SPS,bioregprop,0.222010809,1392300
2375,1.3929,6.5457,121.6,I,44.10584297,73,0,0.108695652,0.068294572,SS,bioregprop,0.186332286,1392900
1528,1.3953,9.1607,118.5601,I,31.47871378,33,0,0.347826087,0.067744156,SS,bioregprop,0.151851394,1395300
2350,1.3976,6.5457,121.52,I,31.79923031,73,0,0.108695652,0.068799862,SS,bioregprop,0.186332286,1397600
2035,1.4002,5.5115,120.4,II,12.68467,29,0,0.043478261,0.07065099,CS,bioregprop,0.1462398,1400200
2752,1.4052,13.7073,122.72,I,24.41848333,242,0.03,0.869565217,0.068343616,VS,bioregprop,0.238381537,1405200
3102,1.4088,12.3043,123.84,V,7.096226512,283,0.03,0.847826087,0.06106126,VS,bioregprop,0.245178644,1408800
2975,1.4227,9.2397,123.52,I,7.321321678,454,0.04,0.543478261,0.065101112,VS,bioregprop,0.265705585,1422700
1612,1.4237,11.3647,118.8,I,11.38128452,242,0.03,0.630434783,0.05858173,WPS,bioregprop,0.238381537,1423700
2075,1.4243,14.4058,120.48,I,29.07661432,242,0.03,0.934782609,0.063069495,WPS,bioregprop,0.238381537,1424300
2228,1.4253,5.7503,121.04,I,22.654678,81,0,0.065217391,0.074135205,CS,bioregprop,0.190848502,1425300
1253,1.4275,9.1607,117.76,I,33.3289963,14,0,0.369565217,0.064207164,WPS,bioregprop,0.114612804,1427500
3255,1.4305,12.6948,124.24,I,40.22465556,352,0.04,0.869565217,0.066690503,NPS,bioregprop,0.254654266,1430500
832,1.4311,11.2078,116.08,V,5.959954136,1,0,0.565217391,0.061927679,WPS,bioregprop,0,1431100
1291,1.4349,9.792,117.84,I,39.68300103,242,0.03,0.413043478,0.063668391,WPS,bioregprop,0.238381537,1434900
2713,1.4434,13.785,122.5601,III,40.5188492,629,0.05,0.891304348,0.067943544,VS,bioregprop,0.279865065,1443400
3335,1.4436,8.6865,124.64,III,59.28310398,242,0.03,0.52173913,0.073106562,VS,nearest1,0.238381537,1443600
1362,1.4484,7.4985,118.08,I,40.78103904,242,0.03,0.152173913,0.068666609,SS,bioregprop,0.238381537,1448400
2913,1.4504,14.1732,123.28,I,27.10398305,327,0.04,0.913043478,0.071863762,NPS,bioregprop,0.251454775,1450400
1009,1.4519,10.9723,116.88,I,47.02730564,2,0,0.52173913,0.058041671,WPS,bioregprop,0.030103,1451900
2529,1.4695,11.4432,122,I,33.67949548,327,0.04,0.695652174,0.066081774,SS,bioregprop,0.251454775,1469500
1331,1.4696,8.0534,118,I,12.63306476,242,0.03,0.173913043,0.063998961,SS,bioregprop,0.238381537,1469600
1006,1.4778,9.4765,116.88,I,25.88349094,4,0,0.413043478,0.062032944,WPS,bioregprop,0.060205999,1477800
3608,1.4786,10.1072,125.84,I,26.51919009,117,0.03,0.760869565,0.070593223,SPS,bioregprop,0.206818586,1478600
1787,1.4811,12.3825,119.6,I,31.40382814,82,0,0.760869565,0.061133199,WPS,bioregprop,0.191381385,1481100
3411,1.4821,8.9237,125.12,V,8.158672157,451,0.04,0.52173913,0.072983259,VS,bioregprop,0.265417654,1482100
3484,1.4843,10.1072,125.36,I,25.06908,242,0.03,0.739130435,0.068382031,VS,bioregprop,0.238381537,1484300
763,1.4935,10.3434,114.96,I,14.61064466,242,0.03,0.47826087,0.060204494,WPS,bioregprop,0.238381537,1493500
1762,1.4936,10.3434,119.52,II,7.774968001,37,0,0.52173913,0.065273326,SS,bioregprop,0.156820172,1493600
2692,1.4964,16.9473,122.48,I,35.81377725,245,0.03,0.956521739,0.077697486,NPS,bioregprop,0.238916608,1496400
2580,1.5006,6.7046,122.16,I,21.617275,242,0.03,0.108695652,0.069844612,CS,bioregprop,0.238381537,1500600
1069,1.5008,11.1293,117.12,I,21.17322868,242,0.03,0.565217391,0.057996762,WPS,bioregprop,0.238381537,1500800
1800,1.501,10.8938,119.6801,I,25.41694216,45,0,0.565217391,0.063744347,SS,bioregprop,0.165321251,1501000
1155,1.506,9.0027,117.4399,VI,14.8706595,11,0,0.369565217,0.062299513,WPS,bioregprop,0.104139269,1506000
1182,1.5099,10.658,117.52,I,29.46622743,242,0.03,0.47826087,0.055524529,WPS,bioregprop,0.238381537,1509900
2251,1.5118,19.0774,121.12,I,48.21311197,242,0.03,0.956521739,0.070059451,WPS,bioregprop,0.238381537,1511800
3615,1.5194,6.9429,125.92,I,39.14286,440,0.04,0.282608696,0.064473228,CS,bioregprop,0.264345268,1519400
1205,1.5223,9.3976,117.6,I,26.40910028,9,0,0.391304348,0.063639484,WPS,bioregprop,0.095424251,1522300
2575,1.5249,18.4715,122.08,I,8.061811187,223,0.03,0.956521739,0.064806299,NPS,nearest1,0.234830486,1524900
819,1.5369,10.8152,116,I,23.36661123,242,0.03,0.5,0.06252126,WPS,bioregprop,0.238381537,1536900
1127,1.5373,7.4985,117.36,I,43.72443569,13,0,0.130434783,0.067958622,SS,bioregprop,0.111394335,1537300
1718,1.5379,5.7503,119.36,I,35.59155696,242,0.03,0.043478261,0.076927778,SS,bioregprop,0.238381537,1537900
3560,1.5412,10.5007,125.6,I,29.12982174,151,0.03,0.760869565,0.072894457,SPS,bioregprop,0.217897695,1541200
1356,1.5438,6.7046,118.08,II,9.751070607,12,0,0.086956522,0.070334609,SS,bioregprop,0.107918125,1543800
3167,1.5447,6.3072,124.08,I,71.58189,78,0,0.152173913,0.078462775,CS,bioregprop,0.18920946,1544700
3127,1.546,11.5999,123.92,I,3.783614087,242,0.03,0.847826087,0.064849633,VS,bioregprop,0.238381537,1546000
3413,1.5567,9.0817,125.12,I,19.41694851,242,0.03,0.565217391,0.070481312,VS,bioregprop,0.238381537,1556700
2729,1.557,12.5387,122.64,I,20.59567813,228,0.03,0.869565217,0.064476833,VS,bioregprop,0.235793485,1557000
2650,1.558,9.6343,122.4,I,39.94719988,242,0.03,0.5,0.066220051,SS,nearest1,0.238381537,1558000
2119,1.5595,11.4432,120.64,I,31.28589338,242,0.03,0.652173913,0.062457782,SS,bioregprop,0.238381537,1559500
1233,1.5596,15.2564,117.6801,I,40.4956032,48,0,0.869565217,0.070102081,WPS,bioregprop,0.168124124,1559600
2747,1.5598,12.4606,122.72,I,19.44753875,238,0.03,0.869565217,0.064459272,VS,bioregprop,0.237657696,1559800
1334,1.5617,8.6074,118,I,26.64543472,15,0,0.239130435,0.06328545,SS,bioregprop,0.117609126,1561700
2642,1.5671,18.3956,122.3199,I,29.17150094,109,0.03,0.97826087,0.066055734,NPS,nearest1,0.20374265,1567100
1995,1.5703,16.7942,120.24,I,32.0579511,242,0.03,0.934782609,0.068819662,WPS,bioregprop,0.238381537,1570300
3389,1.5713,5.8299,124.96,I,42.767694,470,0.04,0.108695652,0.081958422,CS,nearest1,0.267209786,1571300
1845,1.5743,12.5387,119.76,I,44.48731653,242,0.03,0.760869565,0.061660982,WPS,bioregprop,0.238381537,1574300
2649,1.5795,9.5554,122.4,I,31.02495986,242,0.03,0.5,0.067372409,SS,nearest1,0.238381537,1579500
2919,1.58,9.1607,123.36,I,49.86367854,242,0.03,0.52173913,0.065812559,VS,nearest1,0.238381537,1580000
888,1.5853,11.2863,116.4,I,21.60728011,242,0.03,0.565217391,0.058604043,WPS,bioregprop,0.238381537,1585300
1446,1.5883,7.5778,118.3199,III,43.49106268,9,0,0.152173913,0.067658279,SS,bioregprop,0.095424251,1588300
1844,1.593,12.4606,119.76,I,39.61488846,93,0,0.760869565,0.061324375,WPS,bioregprop,0.196848295,1593000
2904,1.597,11.6783,123.28,I,26.92012749,280,0.03,0.826086957,0.059134762,VS,bioregprop,0.244715803,1597000
2383,1.6006,12.9289,121.6,I,19.02908743,242,0.03,0.847826087,0.064594496,VS,bioregprop,0.238381537,1600600
1088,1.6068,10.7366,117.2,I,37.63119599,242,0.03,0.52173913,0.056231784,WPS,bioregprop,0.238381537,1606800
3616,1.6072,7.0224,125.92,II,12.88782,610,0.05,0.282608696,0.063187553,CS,bioregprop,0.278532984,1607200
3111,1.6082,6.5457,123.92,I,19.624896,242,0.03,0.152173913,0.075870415,CS,bioregprop,0.238381537,1608200
3257,1.6091,13.0068,124.24,VII,0.463692213,422,0.04,0.869565217,0.068285111,NPS,bioregprop,0.262531245,1609100
2512,1.6096,19.455,121.92,II,14.62635358,242,0.03,0.97826087,0.065411678,NPS,bioregprop,0.238381537,1609600
2820,1.61,11.9915,123.04,VI,28.53038891,226,0.03,0.826086957,0.062904108,VS,bioregprop,0.235410844,1610000
3646,1.612,9.8708,126.16,II,16.91443133,226,0.03,0.739130435,0.072143026,SPS,bioregprop,0.235410844,1612000
2592,1.6173,13.3963,122.16,I,24.99345605,563,0.05,0.869565217,0.064917611,VS,bioregprop,0.275050839,1617300
3582,1.6177,10.658,125.6801,I,35.01188986,242,0.03,0.782608696,0.074679183,SPS,bioregprop,0.238381537,1617700
936,1.6221,10.8938,116.64,V,7.411461314,1,0,0.5,0.05937817,WPS,bioregprop,0,1622100
3393,1.6242,10.0284,124.96,I,17.90957855,735,0.05,0.695652174,0.066426928,VS,bioregprop,0.286628734,1624200
1846,1.625,12.6168,119.76,VI,20.84564293,242,0.03,0.782608696,0.062018115,WPS,bioregprop,0.238381537,1625000
2872,1.635,12.3043,123.2,IV,17.3219657,234,0.03,0.847826087,0.062780997,VS,bioregprop,0.236921586,1635000
1174,1.6382,7.6571,117.52,I,38.90703125,242,0.03,0.130434783,0.06690979,SS,bioregprop,0.238381537,1638200
2320,1.6387,5.9095,121.4399,I,13.523156,105,0.03,0.065217391,0.07330224,CS,bioregprop,0.20211893,1638700
933,1.6419,10.5794,116.64,I,50.4972129,1,0,0.5,0.061637762,WPS,bioregprop,0,1641900
2952,1.6522,10.422,123.4399,I,26.74924476,605,0.05,0.652173913,0.071076829,VS,bioregprop,0.278175537,1652200
2996,1.6543,12.0697,123.52,I,19.3810425,238,0.03,0.847826087,0.059612466,VS,bioregprop,0.237657696,1654300
3133,1.6597,13.7073,123.92,I,38.92840149,387,0.04,0.913043478,0.071085633,NPS,bioregprop,0.258771097,1659700
1970,1.6613,13.9404,120.16,I,25.15266399,242,0.03,0.891304348,0.066026129,WPS,nearest1,0.238381537,1661300
1332,1.6631,8.4492,118,I,46.72269485,11,0,0.239130435,0.062992288,SS,bioregprop,0.104139269,1663100
1659,1.6658,10.5794,119.04,I,39.93928103,242,0.03,0.52173913,0.061279721,WPS,bioregprop,0.238381537,1665800
2523,1.6703,7.4985,122,I,32.02368668,242,0.03,0.260869565,0.073919215,SS,bioregprop,0.238381537,1670300
2031,1.6729,17.9395,120.3199,V,2.531448563,242,0.03,0.956521739,0.071865297,WPS,nearest1,0.238381537,1672900
2120,1.6745,12.8509,120.64,I,24.02603265,242,0.03,0.847826087,0.067322626,WPS,nearest1,0.238381537,1674500
833,1.6751,11.2863,116.08,I,53.02618512,242,0.03,0.565217391,0.061664913,WPS,bioregprop,0.238381537,1675100
3314,1.6792,12.7729,124.48,II,40.3672747,242,0.03,0.869565217,0.068160877,NPS,nearest1,0.238381537,1679200
3238,1.6895,10.9723,124.24,V,5.428614474,242,0.03,0.760869565,0.071829238,VS,nearest1,0.238381537,1689500
3624,1.6914,6.5457,126,I,25.292664,145,0.03,0.282608696,0.070957678,CS,bioregprop,0.2161368,1691400
3521,1.7011,12.3825,125.4399,VII,0.361469924,166,0.03,0.869565217,0.073354611,NPS,bioregprop,0.222010809,1701100
1477,1.7027,7.2605,118.4,I,29.33038518,242,0.03,0.130434783,0.069579892,SS,bioregprop,0.238381537,1702700
2959,1.7068,11.5216,123.4399,I,23.75962751,232,0.03,0.804347826,0.060598187,VS,bioregprop,0.236548798,1706800
1502,1.7077,7.1811,118.48,III,38.15116506,11,0,0.130434783,0.069788177,SS,bioregprop,0.104139269,1707700
2513,1.7094,19.6058,121.92,I,28.140151,23,0,0.956521739,0.066248591,NPS,bioregprop,0.136172784,1709400
3089,1.7245,9.4765,123.84,I,39.18391936,449,0.04,0.565217391,0.066013627,VS,bioregprop,0.265224634,1724500
1873,1.7256,12.2261,119.84,I,27.07127484,84,0,0.739130435,0.06037704,WPS,nearest1,0.192427929,1725600
2277,1.7295,9.7131,121.28,I,25.75209359,65,0,0.5,0.069802499,SS,bioregprop,0.181291336,1729500
3607,1.7362,10.0284,125.84,I,21.19226074,135,0.03,0.739130435,0.070433634,SPS,nearest1,0.213033377,1736200
1361,1.7398,7.1017,118.08,I,56.89475505,11,0,0.130434783,0.070909477,SS,bioregprop,0.104139269,1739800
1792,1.7416,4.8741,119.6801,IV,17.83715,242,0.03,0.02173913,0.076930273,CS,nearest1,0.238381537,1741600
2422,1.7463,13.5518,121.76,I,5.798353015,242,0.03,0.891304348,0.063115393,VS,bioregprop,0.238381537,1746300
2043,1.7484,12.0697,120.4,I,47.90085791,109,0.03,0.739130435,0.060248596,SS,bioregprop,0.20374265,1748400
3362,1.7529,9.0817,124.72,I,4.842060524,242,0.03,0.543478261,0.069594883,VS,nearest1,0.238381537,1752900
3626,1.7571,6.7046,126,I,53.943071,193,0.03,0.282608696,0.069732114,CS,bioregprop,0.228555731,1757100
3218,1.76,12.8509,124.16,I,53.58320292,1887,0.07,0.869565217,0.067315811,NPS,bioregprop,0.32757719,1760000
1555,1.7641,10.658,118.64,I,39.07134277,13,0,0.5,0.0608224,WPS,bioregprop,0.111394335,1764100
1481,1.7642,9.7131,118.4,I,29.06528115,57,0,0.413043478,0.067504511,WPS,bioregprop,0.175587486,1764200
1943,1.7644,14.7155,120.08,I,23.43195795,242,0.03,0.913043478,0.064562867,WPS,bioregprop,0.238381537,1764400
3430,1.765,5.6707,125.2,II,14.10316,168,0.03,0.108695652,0.079804287,CS,nearest1,0.222530928,1765000
2167,1.7675,6.2277,120.8,I,36.96160684,242,0.03,0.065217391,0.073402062,SS,bioregprop,0.238381537,1767500
1687,1.7859,10.8938,119.2,I,3.168138724,44,0,0.565217391,0.060309323,WPS,bioregprop,0.164345268,1785900
2514,1.7861,20.2826,121.92,I,34.1425802,31,0,0.956521739,0.06893711,NPS,bioregprop,0.149136169,1786100
2214,1.7896,9.6343,120.96,I,26.95292052,242,0.03,0.5,0.068136622,SS,bioregprop,0.238381537,1789600
860,1.7921,11.2078,116.24,I,23.75493969,1,0,0.52173913,0.060368387,WPS,bioregprop,0,1792100
1034,1.7931,11.0508,116.96,I,49.47011056,2,0,0.565217391,0.057871714,WPS,bioregprop,0.030103,1793100
2424,1.7931,14.4058,121.76,II,16.72363201,242,0.03,0.891304348,0.069632507,NPS,bioregprop,0.238381537,1793100
3229,1.8005,8.5283,124.24,V,4.171513642,242,0.03,0.5,0.071043201,VS,bioregprop,0.238381537,1800500
3269,1.8039,10.5794,124.3199,I,24.1932341,529,0.05,0.739130435,0.072543679,VS,bioregprop,0.272345567,1803900
1645,1.8049,10.422,118.96,I,25.58322374,242,0.03,0.52173913,0.061680683,WPS,bioregprop,0.238381537,1804900
2398,1.805,6.5457,121.6801,I,33.94537576,86,0,0.108695652,0.067964845,SS,bioregprop,0.193449845,1805000
2926,1.8056,10.3434,123.36,V,1.634811792,766,0.06,0.630434783,0.071214077,VS,bioregprop,0.288422877,1805600
3640,1.8077,9.3976,126.08,V,4.634045118,156,0.03,0.608695652,0.071507361,SPS,bioregprop,0.21931246,1807700
3299,1.8117,12.7729,124.4,II,27.18846303,242,0.03,0.869565217,0.067796492,NPS,nearest1,0.238381537,1811700
3459,1.819,12.5387,125.28,VII,0.504695516,242,0.03,0.869565217,0.074367494,NPS,bioregprop,0.238381537,1819000
2911,1.8192,13.0068,123.28,III,52.00391887,398,0.04,0.869565217,0.063463851,VS,bioregprop,0.259988307,1819200
2432,1.8201,18.8504,121.76,V,3.691620791,242,0.03,0.956521739,0.063646107,NPS,bioregprop,0.238381537,1820100
2162,1.8226,5.4318,120.8,I,17.368447,33,0,0.043478261,0.07459498,CS,bioregprop,0.151851394,1822600
2810,1.8238,7.3398,123.04,I,55.092792,144,0.03,0.260869565,0.072472921,CS,bioregprop,0.215836249,1823800
2625,1.8243,9.7131,122.3199,I,13.62469006,242,0.03,0.5,0.064369463,SS,nearest1,0.238381537,1824300
1501,1.8254,7.1017,118.48,I,46.86345018,13,0,0.130434783,0.070211335,SS,bioregprop,0.111394335,1825400
981,1.8278,10.8938,116.8,I,7.917043294,1,0,0.52173913,0.05864066,WPS,bioregprop,0,1827800
918,1.8292,10.5007,116.5601,I,37.47992777,1,0,0.5,0.062661752,WPS,bioregprop,0,1829200
2626,1.8292,9.792,122.3199,I,29.15316757,242,0.03,0.5,0.063659569,SS,nearest1,0.238381537,1829200
922,1.8335,10.9723,116.5601,I,6.35421412,1,0,0.5,0.059120004,WPS,bioregprop,0,1833500
2351,1.8347,6.7046,121.52,I,28.90089813,83,0,0.108695652,0.069373875,SS,bioregprop,0.191907809,1834700
2908,1.8366,12.6168,123.28,III,56.80595556,238,0.03,0.869565217,0.062174913,VS,bioregprop,0.237657696,1836600
2399,1.8393,6.6252,121.6801,Outlier,28.65008079,94,0,0.108695652,0.068088194,SS,bioregprop,0.197312785,1839300
3604,1.8397,9.792,125.84,V,2.985702344,242,0.03,0.717391304,0.070471607,SPS,bioregprop,0.238381537,1839700
1813,1.8467,16.1805,119.6801,I,34.49645034,242,0.03,0.934782609,0.065142143,WPS,bioregprop,0.238381537,1846700
2558,1.8492,7.8156,122.08,I,17.89409217,165,0.03,0.260869565,0.072890933,SS,bioregprop,0.221748394,1849200
3370,1.8527,12.5387,124.72,I,31.24122113,389,0.04,0.869565217,0.069529022,NPS,bioregprop,0.25899496,1852700
647,1.8568,9.8708,114.16,I,20.07010755,242,0.03,0.456521739,0.064812189,WPS,bioregprop,0.238381537,1856800
2554,1.8653,6.7841,122.08,I,39.70360522,220,0.03,0.108695652,0.069090285,SS,bioregprop,0.234242268,1865300
2792,1.8669,8.4492,122.96,Outlier,47.04060826,430,0.04,0.434782609,0.066668598,SS,bioregprop,0.263346846,1866900
2217,1.8692,11.0508,120.96,Outlier,40.15358489,90,0,0.630434783,0.065357592,SS,bioregprop,0.195424251,1869200
1370,1.8693,8.7656,118.08,I,29.33457275,22,0,0.282608696,0.064221597,SS,bioregprop,0.134242268,1869300
2593,1.8703,13.4741,122.16,VI,17.6306453,563,0.05,0.869565217,0.065025923,VS,bioregprop,0.275050839,1870300
2151,1.8707,11.6783,120.72,II,8.468944365,96,0,0.695652174,0.061347816,SS,bioregprop,0.198227123,1870700
3515,1.876,10.2646,125.4399,V,1.881936865,242,0.03,0.760869565,0.069959687,VS,bioregprop,0.238381537,1876000
818,1.8837,10.5007,116,I,37.78977572,1,0,0.5,0.063091505,WPS,bioregprop,0,1883700
2863,1.8847,9.6343,123.2,I,38.48822138,570,0.05,0.586956522,0.073815637,VS,nearest1,0.275587486,1884700
2657,1.8864,12.4606,122.4,I,23.47949381,254,0.03,0.847826087,0.064222057,VS,bioregprop,0.240483372,1886400
1439,1.8874,6.9429,118.3199,I,28.65677282,12,0,0.108695652,0.070791535,SS,bioregprop,0.107918125,1887400
2468,1.8884,19.0018,121.84,I,30.62232288,49,0,0.97826087,0.064055623,NPS,bioregprop,0.169019608,1888400
2372,1.8917,5.9891,121.6,I,34.963969,951,0.06,0.065217391,0.072257606,CS,bioregprop,0.297818052,1891700
661,1.9047,10.1072,114.24,I,4.966054855,0,0,0.47826087,0.062464923,WPS,bioregprop,0,1904700
828,1.908,10.5794,116.08,I,23.97579859,1,0,0.5,0.062698771,WPS,bioregprop,0,1908000
1412,1.9083,7.1811,118.24,III,38.01232079,242,0.03,0.130434783,0.070541446,SS,bioregprop,0.238381537,1908300
1984,1.9102,12.3825,120.24,I,47.42576902,110,0.03,0.739130435,0.060793377,WPS,bioregprop,0.204139269,1910200
3185,1.9133,12.3825,124.08,I,24.96673326,242,0.03,0.869565217,0.063966873,VS,bioregprop,0.238381537,1913300
1551,1.9145,10.0284,118.64,I,20.97315645,242,0.03,0.456521739,0.064676453,WPS,bioregprop,0.238381537,1914500
1799,1.9165,10.8152,119.6801,I,20.74129352,44,0,0.543478261,0.064214294,SS,bioregprop,0.164345268,1916500
2603,1.9205,6.8635,122.24,VI,4.773922,199,0.03,0.108695652,0.069642875,CS,bioregprop,0.229885308,1920500
2454,1.9222,12.2261,121.84,I,20.25375012,242,0.03,0.826086957,0.063569255,VS,nearest1,0.238381537,1922200
2175,1.9225,11.1293,120.8,I,58.21762738,242,0.03,0.652173913,0.064773583,SS,bioregprop,0.238381537,1922500
2200,1.923,11.0508,120.88,I,28.5752208,84,0,0.652173913,0.065265429,SS,bioregprop,0.192427929,1923000
1092,1.9234,11.5999,117.2,I,23.51753425,4,0,0.608695652,0.058564628,WPS,bioregprop,0.060205999,1923400
3222,1.9294,14.0956,124.16,I,36.57505271,365,0.04,0.913043478,0.072974548,NPS,bioregprop,0.256229286,1929400
1438,1.9311,6.8635,118.3199,I,49.09318847,11,0,0.108695652,0.070724133,SS,bioregprop,0.104139269,1931100
1676,1.9326,11.4432,119.12,I,17.59297529,39,0,0.673913043,0.058203575,WPS,bioregprop,0.159106461,1932600
1365,1.9327,8.0534,118.08,I,32.15605167,9,0,0.173913043,0.064141058,SS,bioregprop,0.095424251,1932700
1918,1.9337,13.785,120,V,6.081514069,373,0.04,0.869565217,0.066407209,WPS,bioregprop,0.257170883,1933700
1944,1.9347,14.7929,120.08,I,45.45260438,840,0.06,0.913043478,0.064284115,WPS,bioregprop,0.292427929,1934700
1309,1.9367,8.4492,117.92,I,18.00582229,242,0.03,0.239130435,0.062799989,SS,bioregprop,0.238381537,1936700
3567,1.9497,11.9915,125.6,V,1.376984608,184,0.03,0.869565217,0.073360356,NPS,nearest1,0.226481782,1949700
3544,1.9571,11.9132,125.52,II,19.32132835,238,0.03,0.869565217,0.073581242,NPS,nearest1,0.237657696,1957100
1690,1.9613,11.1293,119.2,I,30.77032667,38,0,0.608695652,0.059045076,WPS,nearest1,0.15797836,1961300
3455,1.9669,9.0027,125.28,I,25.78055391,674,0.05,0.543478261,0.07321053,VS,bioregprop,0.28286599,1966900
856,1.9741,10.8938,116.24,I,21.0770051,1,0,0.5,0.061270202,WPS,bioregprop,0,1974100
3657,1.9752,9.2397,126.24,VII,0.44929757,313,0.04,0.565217391,0.070756435,SPS,bioregprop,0.249554434,1975200
3535,1.9755,10.3434,125.52,IV,24.7497013,199,0.03,0.760869565,0.070996529,VS,bioregprop,0.229885308,1975500
1487,1.9757,10.422,118.4,I,34.39172646,12,0,0.52173913,0.062267995,WPS,bioregprop,0.107918125,1975700
1953,1.9801,5.3522,120.16,I,7.010137,242,0.03,0.043478261,0.070781603,CS,bioregprop,0.238381537,1980100
1849,1.9804,15.5649,119.76,I,39.76563948,242,0.03,0.934782609,0.062518329,WPS,nearest1,0.238381537,1980400
3384,1.9806,10.0284,124.88,I,9.332528263,363,0.04,0.673913043,0.066405791,VS,bioregprop,0.255990663,1980600
890,1.9813,11.4432,116.4,I,25.80065993,242,0.03,0.608695652,0.058241466,WPS,bioregprop,0.238381537,1981300
1531,1.9883,9.9496,118.5601,I,32.13870468,32,0,0.456521739,0.065537761,WPS,bioregprop,0.150514998,1988300
2957,1.9913,11.3647,123.4399,VI,15.96124497,262,0.03,0.782608696,0.061838406,VS,bioregprop,0.241830129,1991300
2356,1.9996,12.0697,121.52,II,9.533516235,242,0.03,0.760869565,0.06468278,SS,bioregprop,0.238381537,1999600
2381,2.0032,11.9915,121.6,I,12.33038246,217,0.03,0.760869565,0.064672726,SS,bioregprop,0.233645973,2003200
2028,2.0061,17.711,120.3199,I,22.0205753,468,0.04,0.956521739,0.071071276,WPS,nearest1,0.267024585,2006100
3143,2.0067,7.4192,124,I,23.243106,242,0.03,0.304347826,0.067915079,CS,bioregprop,0.238381537,2006700
2427,2.0087,14.8702,121.76,I,30.94811326,242,0.03,0.913043478,0.071285225,NPS,nearest1,0.238381537,2008700
1807,2.0098,15.719,119.6801,I,13.0157721,242,0.03,0.934782609,0.06321689,WPS,nearest1,0.238381537,2009800
2047,2.0118,13.3184,120.4,I,45.94281278,307,0.04,0.869565217,0.06804336,WPS,nearest1,0.248713838,2011800
2761,2.0159,11.8349,122.8,VI,12.89082445,242,0.03,0.804347826,0.065123907,VS,bioregprop,0.238381537,2015900
2688,2.0209,14.4058,122.48,II,32.58608434,242,0.03,0.891304348,0.071137516,NPS,bioregprop,0.238381537,2020900
1177,2.0212,9.0817,117.52,I,9.8090141,11,0,0.391304348,0.062872794,WPS,bioregprop,0.104139269,2021200
2203,2.0213,11.4432,120.88,I,20.33845288,91,0,0.673913043,0.063272941,SS,bioregprop,0.195904139,2021300
2491,2.022,11.7566,121.92,I,31.92081839,409,0.04,0.739130435,0.064467349,SS,nearest1,0.261172331,2022000
3568,2.0256,12.0697,125.6,V,2.991455511,175,0.03,0.869565217,0.072939733,NPS,nearest1,0.224303805,2025600
3121,2.0269,7.6571,123.92,I,16.405869,242,0.03,0.347826087,0.068703337,CS,bioregprop,0.238381537,2026900
3034,2.0326,7.7364,123.6801,VI,6.438715,319,0.04,0.347826087,0.068835671,CS,bioregprop,0.250379068,2032600
2313,2.0406,18.9261,121.36,I,35.49778587,52,0,0.956521739,0.066183526,WPS,bioregprop,0.171600334,2040600
803,2.0481,10.8938,115.84,V,4.407756848,242,0.03,0.52173913,0.063397983,WPS,bioregprop,0.238381537,2048100
3035,2.0519,8.6865,123.6801,III,53.35014527,242,0.03,0.47826087,0.064358403,VS,nearest1,0.238381537,2051900
3320,2.0544,9.2397,124.5601,I,18.46931725,335,0.04,0.543478261,0.06753572,VS,bioregprop,0.252504481,2054400
3056,2.0562,14.018,123.6801,II,38.34592657,265,0.03,0.913043478,0.071868739,NPS,bioregprop,0.242324587,2056200
3275,2.0725,11.2078,124.3199,I,36.90051913,242,0.03,0.826086957,0.07104109,VS,bioregprop,0.238381537,2072500
2840,2.0736,11.7566,123.12,I,2.481523273,242,0.03,0.826086957,0.060348406,VS,bioregprop,0.238381537,2073600
3139,2.0764,6.3867,124,I,14.761728,242,0.03,0.152173913,0.07759103,CS,bioregprop,0.238381537,2076400
1003,2.0783,8.4492,116.88,I,18.64066273,7,0,0.326086957,0.05746881,WPS,bioregprop,0.084509804,2078300
870,2.0816,11.0508,116.3199,I,23.95191179,1,0,0.5,0.060156718,WPS,bioregprop,0,2081600
1045,2.0911,8.6865,117.04,I,11.8098225,6,0,0.347826087,0.057884623,WPS,bioregprop,0.077815125,2091100
917,2.0951,10.422,116.5601,I,34.39437905,1,0,0.5,0.063064122,WPS,bioregprop,0,2095100
2958,2.1,11.4432,123.4399,III,35.54098586,242,0.03,0.782608696,0.061219338,VS,bioregprop,0.238381537,2100000
1784,2.1007,12.1479,119.6,I,22.99859676,74,0,0.739130435,0.060317388,WPS,bioregprop,0.186923172,2100700
3322,2.1129,10.5007,124.5601,VI,24.47997633,355,0.04,0.739130435,0.071402806,VS,nearest1,0.255022835,2112900
3042,2.1205,10.5794,123.6801,I,2.965322197,720,0.05,0.717391304,0.072036906,VS,nearest1,0.28573325,2120500
2330,2.1242,12.0697,121.4399,I,20.9157014,242,0.03,0.760869565,0.064882959,SS,bioregprop,0.238381537,2124200
1043,2.1244,8.5283,117.04,V,4.840651619,7,0,0.347826087,0.057715311,WPS,bioregprop,0.084509804,2124400
2586,2.127,12.5387,122.16,VI,14.78836601,285,0.03,0.847826087,0.06385684,VS,nearest1,0.245484486,2127000
1938,2.129,11.5216,120.08,I,40.80466092,242,0.03,0.673913043,0.061147417,SS,bioregprop,0.238381537,2129000
858,2.1354,11.0508,116.24,I,31.2007338,242,0.03,0.5,0.060878643,WPS,bioregprop,0.238381537,2135400
2497,2.1361,12.6168,121.92,III,55.80210274,242,0.03,0.847826087,0.063234922,VS,bioregprop,0.238381537,2136100
2163,2.1376,5.9095,120.8,I,57.96100972,242,0.03,0.065217391,0.072321729,SS,bioregprop,0.238381537,2137600
3060,2.1388,8.6074,123.76,I,11.58600675,454,0.04,0.47826087,0.065703346,VS,bioregprop,0.265705585,2138800
2325,2.1403,6.8635,121.4399,I,17.77507579,242,0.03,0.130434783,0.071415529,SS,bioregprop,0.238381537,2140300
1812,2.1406,16.1037,119.6801,I,33.62521814,242,0.03,0.934782609,0.064849586,WPS,bioregprop,0.238381537,2140600
3234,2.1446,10.5794,124.24,V,3.476523763,511,0.05,0.739130435,0.0728694,VS,bioregprop,0.27084209,2144600
2733,2.1519,13.785,122.64,III,57.58596285,683,0.05,0.891304348,0.068386799,VS,bioregprop,0.28344207,2151900
1827,2.1528,8.7656,119.76,I,40.02937293,242,0.03,0.304347826,0.067545937,SS,bioregprop,0.238381537,2152800
2584,2.1533,11.8349,122.16,I,26.43474241,888,0.06,0.804347826,0.064762709,VS,bioregprop,0.294841297,2153300
3514,2.1548,10.1859,125.4399,V,7.6543956,242,0.03,0.739130435,0.069314794,VS,bioregprop,0.238381537,2154800
3051,2.1549,11.8349,123.6801,VI,19.50634056,217,0.03,0.847826087,0.060509379,VS,bioregprop,0.233645973,2154900
2096,2.1578,14.018,120.5601,I,40.11834829,1974,0.07,0.891304348,0.064948861,WPS,nearest1,0.329534715,2157800
2763,2.1613,12.2261,122.8,III,45.38667486,190,0.03,0.847826087,0.064683897,VS,bioregprop,0.22787536,2161300
2507,2.1614,15.102,121.92,II,31.98249941,242,0.03,0.934782609,0.071310264,NPS,nearest1,0.238381537,2161400
2773,2.1651,8.2909,122.88,I,44.44897597,242,0.03,0.391304348,0.068651275,SS,bioregprop,0.238381537,2165100
3112,2.1663,6.7841,123.92,I,12.52106,242,0.03,0.195652174,0.073679017,CS,bioregprop,0.238381537,2166300
3488,2.183,11.0508,125.36,I,29.2623973,235,0.03,0.847826087,0.077084477,VS,bioregprop,0.237106786,2183000
2553,2.1835,6.3867,122.08,I,14.962012,119,0.03,0.086956522,0.070513644,CS,bioregprop,0.207554696,2183500
2275,2.1856,6.5457,121.28,I,10.83044702,242,0.03,0.086956522,0.070943594,SS,bioregprop,0.238381537,2185600
3577,2.1989,10.1072,125.6801,V,5.115739899,133,0.03,0.739130435,0.06980878,SPS,bioregprop,0.212385164,2198900
2054,2.2005,17.8634,120.4,V,2.026704715,588,0.05,0.956521739,0.070809021,WPS,nearest1,0.276937733,2200500
3196,2.2041,7.4192,124.16,I,25.77786,920,0.06,0.304347826,0.063996536,CS,bioregprop,0.296378783,2204100
1151,2.2095,8.2909,117.4399,I,19.6532303,11,0,0.239130435,0.061933337,SS,bioregprop,0.104139269,2209500
2138,2.2122,5.8299,120.72,I,39.8437478,86,0,0.065217391,0.071987687,SS,bioregprop,0.193449845,2212200
2315,2.2127,19.3041,121.36,I,39.59539745,39,0,0.97826087,0.066227802,WPS,bioregprop,0.159106461,2212700
3664,2.2207,8.9237,126.3199,VII,1.189991371,288,0.03,0.543478261,0.07118649,SPS,nearest1,0.245939249,2220700
2065,2.223,11.9915,120.48,I,36.29479355,107,0.03,0.717391304,0.060344743,SS,bioregprop,0.202938378,2223000
3018,2.2243,11.2863,123.6,I,18.87198359,292,0.03,0.760869565,0.06384653,VS,bioregprop,0.246538285,2224300
3064,2.2263,9.792,123.76,I,12.65651848,645,0.05,0.586956522,0.070011604,VS,nearest1,0.280955971,2226300
1506,2.2263,9.1607,118.48,II,8.41486923,42,0,0.347826087,0.067575426,SS,bioregprop,0.162324929,2226300
1768,2.2319,12.2261,119.52,I,17.33855561,70,0,0.760869565,0.06062432,WPS,bioregprop,0.184509804,2231900
3687,2.2334,7.7364,126.5601,VII,0.946142011,215,0.03,0.391304348,0.07234806,SPS,bioregprop,0.233243846,2233400
3674,2.2395,7.8156,126.48,I,23.41377831,239,0.03,0.413043478,0.070945897,SPS,bioregprop,0.23783979,2239500
921,2.2466,10.8938,116.5601,I,31.69399471,1,0,0.5,0.059742073,WPS,bioregprop,0,2246600
2023,2.2523,17.2532,120.3199,I,15.80031066,242,0.03,0.956521739,0.070665964,WPS,nearest1,0.238381537,2252300
1395,2.253,9.0027,118.16,I,16.87168813,32,0,0.326086957,0.065644636,SS,bioregprop,0.150514998,2253000
1672,2.2536,10.8938,119.12,I,44.9216982,242,0.03,0.565217391,0.060022866,WPS,bioregprop,0.238381537,2253600
1084,2.2541,9.0027,117.2,I,13.79489983,7,0,0.391304348,0.060530633,WPS,bioregprop,0.084509804,2254100
1134,2.2548,8.9237,117.36,I,17.59181566,11,0,0.369565217,0.061592631,WPS,bioregprop,0.104139269,2254800
3627,2.2657,6.7841,126,I,34.951402,193,0.03,0.282608696,0.068875621,CS,bioregprop,0.228555731,2265700
2774,2.267,8.3701,122.88,II,9.143024459,260,0.03,0.434782609,0.067738347,SS,bioregprop,0.241497335,2267000
2709,2.2692,12.5387,122.5601,V,3.960923291,264,0.03,0.869565217,0.064455271,VS,bioregprop,0.242160393,2269200
1049,2.2697,10.5794,117.04,I,19.95169111,2,0,0.52173913,0.057468746,WPS,bioregprop,0.030103,2269700
1862,2.2731,5.9095,119.84,I,22.73230325,242,0.03,0.065217391,0.073975284,SS,bioregprop,0.238381537,2273100
2545,2.2801,18.3956,122,I,18.17242375,242,0.03,0.956521739,0.064706558,NPS,bioregprop,0.238381537,2280100
3338,2.2898,9.2397,124.64,I,13.90141714,335,0.04,0.543478261,0.067695891,VS,bioregprop,0.252504481,2289800
817,2.2934,10.422,116,I,10.19936741,1,0,0.5,0.063598929,WPS,bioregprop,0,2293400
1601,2.2974,9.7131,118.8,I,25.70262163,184,0.03,0.434782609,0.066760313,SS,nearest1,0.226481782,2297400
3295,2.3031,10.8938,124.4,V,7.871805445,526,0.05,0.782608696,0.07244416,VS,nearest1,0.272098574,2303100
2539,2.3088,13.785,122,I,31.31865774,827,0.06,0.913043478,0.064859245,VS,bioregprop,0.291750551,2308800
3325,2.3094,12.5387,124.5601,II,15.48190466,488,0.04,0.869565217,0.067678963,NPS,nearest1,0.268841982,2309400
2100,2.3125,18.5473,120.5601,I,25.12167964,397,0.04,0.956521739,0.075448135,WPS,bioregprop,0.259879051,2312500
2744,2.3214,12.2261,122.72,I,39.42700136,198,0.03,0.826086957,0.064736959,VS,bioregprop,0.229666519,2321400
1740,2.3247,11.4432,119.4399,I,22.9430199,242,0.03,0.717391304,0.059113072,WPS,bioregprop,0.238381537,2324700
2946,2.3256,9.1607,123.4399,I,39.91909125,423,0.04,0.52173913,0.064877528,VS,nearest1,0.262634037,2325600
2933,2.3347,11.5216,123.36,I,10.91377072,255,0.03,0.782608696,0.060144006,VS,bioregprop,0.240654018,2334700
1473,2.3375,6.0686,118.4,I,42.25297766,242,0.03,0.065217391,0.07128348,SS,bioregprop,0.238381537,2337500
3236,2.3399,10.7366,124.24,I,8.891037591,242,0.03,0.760869565,0.072817419,VS,bioregprop,0.238381537,2339900
1507,2.3417,9.2397,118.48,I,30.90838181,49,0,0.347826087,0.06794084,SS,bioregprop,0.169019608,2341700
3342,2.346,10.1859,124.64,III,27.6987363,344,0.04,0.695652174,0.068697272,VS,nearest1,0.253655844,2346000
2496,2.3466,12.5387,121.92,III,36.87004226,242,0.03,0.847826087,0.063263195,VS,bioregprop,0.238381537,2346600
3578,2.3468,10.1859,125.6801,VII,0.846860902,115,0.03,0.760869565,0.070218505,SPS,bioregprop,0.206069784,2346800
1118,2.3473,11.6783,117.28,I,42.15611586,6,0,0.608695652,0.059121632,WPS,bioregprop,0.077815125,2347300
2011,2.3537,12.1479,120.3199,I,21.40548589,107,0.03,0.739130435,0.060229615,SS,bioregprop,0.202938378,2353700
697,2.3573,10.1859,114.4,I,26.36860798,0,0,0.47826087,0.06142461,WPS,bioregprop,0,2357300
3392,2.3591,9.9496,124.96,I,30.05690185,242,0.03,0.673913043,0.065762875,VS,bioregprop,0.238381537,2359100
2612,2.3603,16.3341,122.24,I,29.64130887,302,0.04,0.934782609,0.073838798,NPS,bioregprop,0.248000694,2360300
1193,2.3647,7.2605,117.6,I,19.96474933,12,0,0.130434783,0.069330809,SS,bioregprop,0.107918125,2364700
1453,2.3669,9.6343,118.3199,I,37.04680539,289,0.03,0.413043478,0.0679067,WPS,bioregprop,0.246089784,2366900
3151,2.3742,11.5999,124,I,13.53098013,242,0.03,0.847826087,0.066024141,VS,bioregprop,0.238381537,2374200
2987,2.378,11.2863,123.52,I,26.44003484,279,0.03,0.760869565,0.063090493,VS,bioregprop,0.24456042,2378000
3546,2.3846,12.2261,125.52,II,14.54219845,754,0.06,0.869565217,0.072574929,NPS,nearest1,0.287737135,2384600
2205,2.385,13.5518,120.88,I,31.79177797,767,0.06,0.891304348,0.065319678,WPS,nearest1,0.288479536,2385000
2753,2.3945,13.785,122.72,I,4.672071871,918,0.06,0.891304348,0.068811766,VS,bioregprop,0.296284268,2394500
2495,2.3961,12.4606,121.92,III,50.38476204,242,0.03,0.847826087,0.063307954,VS,bioregprop,0.238381537,2396100
2247,2.4013,11.9915,121.12,I,60.28885014,161,0.03,0.739130435,0.064221231,SS,bioregprop,0.220682588,2401300
3099,2.4033,11.2863,123.84,I,19.41021596,329,0.04,0.782608696,0.066224441,VS,bioregprop,0.25171959,2403300
3559,2.412,6.9429,125.6,I,38.149509,242,0.03,0.282608696,0.058704446,CS,bioregprop,0.238381537,2412000
3668,2.4189,8.5283,126.4,V,3.924466568,177,0.03,0.52173913,0.070735391,SPS,nearest1,0.224797327,2418900
2870,2.4213,12.1479,123.2,I,20.71839029,247,0.03,0.847826087,0.062248608,VS,bioregprop,0.239269695,2421300
3241,2.4216,11.4432,124.24,V,1.711592878,242,0.03,0.847826087,0.070051722,VS,bioregprop,0.238381537,2421600
3662,2.4221,8.6074,126.3199,V,4.478946311,242,0.03,0.543478261,0.07079692,SPS,nearest1,0.238381537,2422100
3591,2.4301,9.8708,125.76,I,20.84354725,242,0.03,0.739130435,0.069805203,SPS,bioregprop,0.238381537,2430100
3195,2.441,7.3398,124.16,I,33.345226,413,0.04,0.282608696,0.063837982,CS,bioregprop,0.261595005,2441000
2907,2.4555,11.9915,123.28,I,16.19368252,364,0.04,0.847826087,0.060331833,VS,bioregprop,0.256110138,2455500
2300,2.4615,6.5457,121.36,Outlier,65.26784312,59,0,0.108695652,0.070198303,SS,bioregprop,0.177085201,2461500
953,2.4615,10.422,116.72,I,31.32139112,2,0,0.5,0.061632784,WPS,bioregprop,0.030103,2461500
1811,2.4636,16.0268,119.6801,I,24.46503194,242,0.03,0.934782609,0.064616506,WPS,bioregprop,0.238381537,2463600
2443,2.4652,10.422,121.84,Outlier,57.95954714,242,0.03,0.586956522,0.06297015,SS,bioregprop,0.238381537,2465200
1662,2.4695,11.3647,119.04,I,30.64670188,36,0,0.652173913,0.058190846,WPS,bioregprop,0.15563025,2469500
2168,2.4713,6.3072,120.8,I,20.62472282,242,0.03,0.065217391,0.073996776,SS,bioregprop,0.238381537,2471300
1977,2.4753,5.7503,120.24,III,40.22090939,26,0,0.065217391,0.070131738,SS,bioregprop,0.141497335,2475300
2766,2.4788,13.2406,122.8,I,2.988277897,242,0.03,0.869565217,0.066054367,VS,bioregprop,0.238381537,2478800
1197,2.479,8.2909,117.6,I,37.81853956,242,0.03,0.260869565,0.062791679,SS,bioregprop,0.238381537,2479000
957,2.4797,10.8152,116.72,I,22.87461177,1,0,0.5,0.059477056,WPS,bioregprop,0,2479700
2765,2.4835,13.0848,122.8,I,21.99104105,242,0.03,0.869565217,0.06518068,VS,bioregprop,0.238381537,2483500
3360,2.4876,8.9237,124.72,III,28.27164493,242,0.03,0.52173913,0.071369049,VS,nearest1,0.238381537,2487600
2457,2.4881,13.0068,121.84,I,15.30024791,242,0.03,0.847826087,0.063446219,VS,bioregprop,0.238381537,2488100
2536,2.4893,12.9289,122,III,37.65018482,254,0.03,0.847826087,0.063412899,VS,bioregprop,0.240483372,2489300
3277,2.4919,11.5999,124.3199,I,35.77680379,364,0.04,0.847826087,0.070806352,VS,bioregprop,0.256110138,2491900
1513,2.4933,10.5794,118.48,I,49.54983061,11,0,0.52173913,0.061279582,WPS,bioregprop,0.104139269,2493300
1426,2.4941,10.2646,118.24,I,24.02824862,12,0,0.5,0.063121772,WPS,bioregprop,0.107918125,2494100
1737,2.5056,9.8708,119.4399,I,30.8929255,242,0.03,0.456521739,0.066868997,SS,bioregprop,0.238381537,2505600
2414,2.5069,11.7566,121.76,Outlier,56.15188639,242,0.03,0.717391304,0.064667882,SS,nearest1,0.238381537,2506900
2579,2.5086,6.3867,122.16,II,13.58181,242,0.03,0.086956522,0.071474982,CS,bioregprop,0.238381537,2508600
2653,2.5143,10.422,122.4,I,40.60580695,242,0.03,0.608695652,0.060395188,SS,bioregprop,0.238381537,2514300
2935,2.5211,11.8349,123.36,I,33.2768636,242,0.03,0.847826087,0.059037645,VS,bioregprop,0.238381537,2521100
1644,2.5228,9.9496,118.96,I,25.02064404,52,0,0.456521739,0.064557669,SS,bioregprop,0.171600334,2522800
3371,2.524,12.6168,124.72,I,20.50630922,231,0.03,0.869565217,0.069748064,NPS,bioregprop,0.236361198,2524000
2154,2.5261,12.8509,120.72,I,14.70026678,334,0.04,0.847826087,0.067658355,WPS,nearest1,0.252374647,2526100
2473,2.53,20.4326,121.84,II,11.28876725,24,0,0.956521739,0.069332018,NPS,bioregprop,0.138021124,2530000
1218,2.5372,7.1811,117.6801,III,35.60576748,12,0,0.130434783,0.069897343,SS,bioregprop,0.107918125,2537200
2448,2.5381,11.7566,121.84,Outlier,36.6654553,297,0.03,0.717391304,0.064510026,SS,nearest1,0.247275645,2538100
1244,2.5434,7.1017,117.76,I,50.35043203,13,0,0.130434783,0.070437867,SS,bioregprop,0.111394335,2543400
3256,2.549,12.7729,124.24,I,15.74883953,242,0.03,0.869565217,0.067222246,NPS,bioregprop,0.238381537,2549000
3513,2.5528,10.1072,125.4399,V,4.48345962,242,0.03,0.739130435,0.068750847,VS,bioregprop,0.238381537,2552800
2250,2.5615,19.0018,121.12,I,37.24548534,242,0.03,0.956521739,0.07010974,WPS,bioregprop,0.238381537,2561500
2932,2.5615,11.4432,123.36,V,4.758750838,262,0.03,0.782608696,0.060692717,VS,bioregprop,0.241830129,2561500
2301,2.5624,6.6252,121.36,I,39.169473,242,0.03,0.108695652,0.070359567,SS,bioregprop,0.238381537,2562400
1877,2.5638,12.6168,119.84,I,24.12523186,112,0.03,0.782608696,0.061918858,WPS,bioregprop,0.204921802,2563800
839,2.5647,10.658,116.16,I,41.08127676,242,0.03,0.5,0.062266233,WPS,bioregprop,0.238381537,2564700
2353,2.565,6.8635,121.52,II,7.186512958,200,0.03,0.130434783,0.070829671,SS,bioregprop,0.230103,2565000
2215,2.582,10.422,120.96,I,35.41953477,242,0.03,0.543478261,0.066626537,SS,bioregprop,0.238381537,2582000
2378,2.5904,11.3647,121.6,I,13.71598369,139,0.03,0.673913043,0.066384124,SS,bioregprop,0.21430148,2590400
2502,2.5918,13.6296,121.92,III,49.56406045,242,0.03,0.891304348,0.063919957,VS,bioregprop,0.238381537,2591800
1574,2.6081,9.5554,118.72,I,10.99219086,45,0,0.391304348,0.067869268,SS,bioregprop,0.165321251,2608100
3629,2.6136,9.4765,126,II,13.92261791,181,0.03,0.630434783,0.071816869,SPS,bioregprop,0.225767857,2613600
1684,2.6143,4.8741,119.2,I,34.930321,26,0,0.02173913,0.075009683,CS,bioregprop,0.141497335,2614300
2248,2.6149,12.1479,121.12,I,47.14630368,282,0.03,0.760869565,0.064979472,SS,bioregprop,0.245024911,2614900
3110,2.6162,6.4662,123.92,II,12.06654,242,0.03,0.152173913,0.07662401,CS,bioregprop,0.238381537,2616200
887,2.6199,11.2078,116.4,I,32.44064096,1,0,0.543478261,0.058871461,WPS,bioregprop,0,2619900
3620,2.6225,10.1072,125.92,II,17.10659583,114,0.03,0.760869565,0.070968058,SPS,nearest1,0.205690485,2622500
1067,2.6264,10.658,117.12,V,0.470052402,2,0,0.52173913,0.05662721,WPS,bioregprop,0.030103,2626400
1991,2.6278,14.6381,120.24,I,41.29077574,242,0.03,0.913043478,0.064103324,WPS,bioregprop,0.238381537,2627800
2036,2.6351,6.0686,120.4,I,36.64394212,37,0,0.065217391,0.072715678,SS,bioregprop,0.156820172,2635100
3450,2.6378,5.3522,125.28,IV,15.29208,242,0.03,0.065217391,0.078472248,CS,bioregprop,0.238381537,2637800
1992,2.6384,16.5643,120.24,I,26.63194825,242,0.03,0.934782609,0.067740033,WPS,bioregprop,0.238381537,2638400
3625,2.6515,6.6252,126,II,16.01436,172,0.03,0.282608696,0.070363801,CS,bioregprop,0.223552845,2651500
2841,2.6522,11.9132,123.12,I,14.07153615,242,0.03,0.826086957,0.061291427,VS,bioregprop,0.238381537,2652200
2004,2.6594,5.8299,120.3199,I,32.08788223,30,0,0.065217391,0.070546924,SS,bioregprop,0.147712125,2659400
1514,2.6636,10.658,118.48,I,25.76965852,242,0.03,0.52173913,0.060972888,WPS,bioregprop,0.238381537,2663600
1894,2.6726,8.9237,119.92,I,21.8865241,242,0.03,0.347826087,0.06700582,SS,bioregprop,0.238381537,2672600
889,2.6787,11.3647,116.4,I,47.69386555,242,0.03,0.586956522,0.058386023,WPS,bioregprop,0.238381537,2678700
3538,2.6968,10.9723,125.52,V,0.415691235,242,0.03,0.847826087,0.077604044,VS,nearest1,0.238381537,2696800
1068,2.7033,11.0508,117.12,I,17.91809029,242,0.03,0.565217391,0.057800485,WPS,bioregprop,0.238381537,2703300
3240,2.706,11.3647,124.24,I,30.51940496,242,0.03,0.826086957,0.070083926,VS,bioregprop,0.238381537,2706000
2030,2.7079,17.8634,120.3199,I,33.3853521,242,0.03,0.956521739,0.071330024,WPS,bioregprop,0.238381537,2707900
3638,2.7113,6.3867,126.08,I,14.917152,117,0.03,0.217391304,0.072638913,CS,nearest1,0.206818586,2711300
2731,2.7141,13.4741,122.64,I,23.23496826,456,0.04,0.869565217,0.067001221,VS,bioregprop,0.265896484,2714100
3086,2.7181,7.6571,123.84,I,16.00621,242,0.03,0.347826087,0.068682612,CS,bioregprop,0.238381537,2718100
3250,2.7219,12.3043,124.24,VI,24.99784668,242,0.03,0.869565217,0.065445714,VS,bioregprop,0.238381537,2721900
2520,2.7285,6.8635,122,Outlier,38.84322071,418,0.04,0.108695652,0.068985956,SS,bioregprop,0.262117628,2728500
3270,2.7304,10.7366,124.3199,V,7.081141069,372,0.04,0.760869565,0.072650526,VS,bioregprop,0.257054294,2730400
3168,2.7306,7.4192,124.08,I,28.181499,346,0.04,0.304347826,0.066053321,CS,bioregprop,0.25390761,2730600
2998,2.7308,12.6168,123.52,V,8.454016972,242,0.03,0.869565217,0.061122487,VS,bioregprop,0.238381537,2730800
2706,2.7363,12.1479,122.5601,I,43.06091838,242,0.03,0.826086957,0.064843951,VS,bioregprop,0.238381537,2736300
2377,2.7582,11.2863,121.6,II,8.286739165,242,0.03,0.673913043,0.066713182,SS,bioregprop,0.238381537,2758200
2784,2.7864,13.2406,122.88,I,35.28767091,242,0.03,0.869565217,0.065972456,VS,bioregprop,0.238381537,2786400
2956,2.7904,11.2863,123.4399,I,35.53194326,286,0.03,0.760869565,0.062372766,VS,bioregprop,0.245636603,2790400
2962,2.7904,11.7566,123.4399,I,33.2653511,216,0.03,0.847826087,0.059192838,VS,bioregprop,0.233445375,2790400
1198,2.7931,8.3701,117.6,I,35.59420085,11,0,0.260869565,0.062418932,SS,bioregprop,0.104139269,2793100
2838,2.7943,11.5999,123.12,I,31.96651749,487,0.04,0.804347826,0.059734955,VS,bioregprop,0.268752896,2794300
3063,2.7993,9.7131,123.76,I,22.49509795,859,0.06,0.586956522,0.069112667,VS,nearest1,0.293399316,2799300
2535,2.7997,12.7729,122,I,3.763158172,247,0.03,0.847826087,0.063331959,VS,bioregprop,0.239269695,2799700
831,2.8101,10.8152,116.08,I,32.8319262,1,0,0.5,0.062112076,WPS,bioregprop,0,2810100
2621,2.8135,7.0224,122.3199,I,42.577142,360,0.04,0.130434783,0.070003492,CS,bioregprop,0.25563025,2813500
3579,2.8138,10.2646,125.6801,II,20.38043155,115,0.03,0.760869565,0.070672053,SPS,bioregprop,0.206069784,2813800
2426,2.8167,14.7929,121.76,I,30.07654885,242,0.03,0.913043478,0.071447041,NPS,nearest1,0.238381537,2816700
3029,2.8199,13.7073,123.6,I,42.67907436,853,0.06,0.891304348,0.071005385,NPS,bioregprop,0.293094903,2819900
2909,2.8231,12.6948,123.28,I,9.153558134,259,0.03,0.869565217,0.062202529,VS,bioregprop,0.241329976,2823100
2068,2.8235,13.1627,120.48,I,47.41942369,364,0.04,0.869565217,0.067932001,WPS,nearest1,0.256110138,2823500
3245,2.8269,11.7566,124.24,III,51.50669759,225,0.03,0.847826087,0.069118744,VS,bioregprop,0.235218252,2826900
2016,2.829,13.3963,120.3199,I,28.27577494,320,0.04,0.869565217,0.067899745,WPS,bioregprop,0.250514998,2829000
1965,2.85,12.3825,120.16,I,33.73147967,105,0.03,0.760869565,0.060670475,WPS,nearest1,0.20211893,2850000
1688,2.8598,10.9723,119.2,I,40.52954283,44,0,0.565217391,0.05987172,WPS,nearest1,0.164345268,2859800
2008,2.8654,6.1482,120.3199,I,37.4188939,242,0.03,0.065217391,0.073892919,SS,bioregprop,0.238381537,2865400
2218,2.8802,11.2863,120.96,I,33.73123415,90,0,0.652173913,0.064432726,SS,bioregprop,0.195424251,2880200
2433,2.8916,18.9261,121.76,I,6.311254141,242,0.03,0.97826087,0.063565417,NPS,bioregprop,0.238381537,2891600
1702,2.8921,4.9538,119.28,I,49.625114,242,0.03,0.02173913,0.075633375,CS,bioregprop,0.238381537,2892100
2153,2.8936,12.7729,120.72,I,16.86096139,334,0.04,0.847826087,0.067498271,WPS,bioregprop,0.252374647,2893600
3096,2.9132,10.8938,123.84,V,0.843939303,648,0.05,0.739130435,0.070464867,VS,nearest1,0.281157501,2913200
1922,2.9152,14.8702,120,I,38.36852625,832,0.06,0.913043478,0.06380872,WPS,bioregprop,0.292012333,2915200
2211,2.9193,5.8299,120.96,I,32.393889,146,0.03,0.065217391,0.073363653,CS,bioregprop,0.216435286,2919300
2609,2.9211,14.6381,122.24,I,36.3873541,242,0.03,0.913043478,0.071773721,NPS,bioregprop,0.238381537,2921100
3512,2.9322,10.0284,125.4399,V,4.980397702,242,0.03,0.739130435,0.068353676,VS,bioregprop,0.238381537,2932200
2683,2.9367,12.5387,122.48,V,2.672566981,234,0.03,0.869565217,0.064402487,VS,bioregprop,0.236921586,2936700
3131,2.9374,13.3963,123.92,I,20.19118583,242,0.03,0.869565217,0.069492631,NPS,nearest1,0.238381537,2937400
2651,2.9509,9.9496,122.4,II,6.986274064,242,0.03,0.543478261,0.062634329,SS,nearest1,0.238381537,2950900
2112,2.9524,6.4662,120.64,I,34.59808434,42,0,0.065217391,0.076440765,SS,bioregprop,0.162324929,2952400
2991,2.9562,11.6783,123.52,I,35.04081579,217,0.03,0.847826087,0.060017987,VS,bioregprop,0.233645973,2956200
1691,2.9573,11.5216,119.2,I,32.33222626,43,0,0.717391304,0.058314353,WPS,bioregprop,0.163346846,2957300
1875,2.9708,12.3825,119.84,I,35.43076095,93,0,0.760869565,0.060919837,WPS,bioregprop,0.196848295,2970800
1885,2.971,16.4876,119.84,VI,14.65354007,506,0.05,0.956521739,0.066943366,WPS,nearest1,0.270415052,2971000
891,2.9842,11.5216,116.4,I,14.82968464,242,0.03,0.608695652,0.058266576,WPS,bioregprop,0.238381537,2984200
1482,2.9856,9.792,118.4,I,33.42453824,25,0,0.434782609,0.067020463,WPS,bioregprop,0.139794001,2985600
2504,2.9866,14.2508,121.92,I,53.66325191,987,0.06,0.891304348,0.067983528,NPS,bioregprop,0.299431715,2986600
3623,2.9899,6.4662,126,I,11.040288,242,0.03,0.239130435,0.071416709,CS,bioregprop,0.238381537,2989900
3516,2.9926,10.3434,125.4399,IV,23.13464182,242,0.03,0.760869565,0.07082542,VS,bioregprop,0.238381537,2992600
1062,3.0027,8.7656,117.12,I,32.11088812,7,0,0.369565217,0.058827801,WPS,bioregprop,0.084509804,3002700
2245,3.0059,11.2078,121.12,Outlier,35.3512515,101,0.03,0.630434783,0.065304018,SS,bioregprop,0.200432137,3005900
2608,3.0146,14.3283,122.24,I,40.3161131,469,0.04,0.891304348,0.06909706,NPS,bioregprop,0.267117284,3014600
3545,3.0251,12.1479,125.52,II,24.40140743,754,0.06,0.869565217,0.072512691,NPS,nearest1,0.287737135,3025100
2064,3.0302,6.3867,120.48,I,41.25931798,242,0.03,0.065217391,0.076248588,SS,bioregprop,0.238381537,3030200
2927,3.033,10.9723,123.36,I,27.93965668,242,0.03,0.717391304,0.064105406,VS,bioregprop,0.238381537,3033000
2979,3.0421,10.2646,123.52,I,33.88069987,964,0.06,0.630434783,0.073746065,VS,bioregprop,0.298407703,3042100
1556,3.0558,10.7366,118.64,I,45.2955349,242,0.03,0.5,0.060593832,WPS,bioregprop,0.238381537,3055800
3149,3.0566,11.3647,124,I,20.11901161,242,0.03,0.826086957,0.067394896,VS,bioregprop,0.238381537,3056600
3252,3.0567,12.4606,124.24,I,40.95562825,460,0.04,0.869565217,0.065133851,VS,bioregprop,0.266275783,3056700
2324,3.057,6.7046,121.4399,I,50.20331651,78,0,0.108695652,0.07000437,SS,bioregprop,0.18920946,3057000
972,3.0576,7.8156,116.8,I,18.900512,242,0.03,0.173913043,0.06812066,SS,bioregprop,0.238381537,3057600
2114,3.0593,10.658,120.64,I,39.11595379,67,0,0.565217391,0.066986881,SS,bioregprop,0.18260748,3059300
3068,3.0633,10.7366,123.76,I,4.432570611,624,0.05,0.739130435,0.07133724,VS,nearest1,0.279518459,3063300
3005,3.0776,8.6865,123.6,III,44.40291375,368,0.04,0.47826087,0.063865231,VS,nearest1,0.256584782,3077600
3410,3.0841,5.8299,125.12,VI,6.675789,269,0.03,0.108695652,0.079802955,CS,nearest1,0.242975228,3084100
2077,3.0862,18.4715,120.48,I,23.96204185,242,0.03,0.956521739,0.075908295,WPS,bioregprop,0.238381537,3086200
2874,3.0868,12.4606,123.2,I,10.41251348,207,0.03,0.869565217,0.062713891,VS,bioregprop,0.231597035,3086800
3030,3.0892,14.018,123.6,I,15.00865054,305,0.04,0.913043478,0.071823766,NPS,bioregprop,0.248429984,3089200
1624,3.0951,9.8708,118.88,I,19.13994918,54,0,0.434782609,0.065350881,SS,nearest1,0.173239376,3095100
2508,3.1,16.0268,121.92,II,20.48769851,242,0.03,0.934782609,0.070986754,NPS,bioregprop,0.238381537,3100000
3036,3.1074,9.4765,123.6801,I,16.85387624,476,0.04,0.565217391,0.067015316,VS,bioregprop,0.267760695,3107400
1396,3.1083,9.4765,118.16,I,28.01281554,21,0,0.391304348,0.067575536,WPS,bioregprop,0.132221929,3108300
3637,3.1158,6.3072,126.08,I,41.590877,242,0.03,0.217391304,0.07268744,CS,nearest1,0.238381537,3115800
3386,3.1161,12.6948,124.88,I,18.69718706,242,0.03,0.869565217,0.071629844,NPS,bioregprop,0.238381537,3116100
1106,3.118,8.8447,117.28,I,46.0876767,9,0,0.369565217,0.060667811,WPS,bioregprop,0.095424251,3118000
3039,3.1252,9.792,123.6801,I,30.77472288,242,0.03,0.586956522,0.070754528,VS,nearest1,0.238381537,3125200
2194,3.1287,6.5457,120.88,I,41.87834531,39,0,0.086956522,0.074774719,SS,bioregprop,0.159106461,3128700
2273,3.1318,5.8299,121.28,I,30.66408,244,0.03,0.065217391,0.074107315,CS,bioregprop,0.238738983,3131800
3073,3.1332,11.7566,123.76,I,22.57284819,216,0.03,0.847826087,0.061710986,VS,bioregprop,0.233445375,3133200
3603,3.1367,9.7131,125.84,II,24.41832869,242,0.03,0.673913043,0.070646856,SPS,bioregprop,0.238381537,3136700
2648,3.1384,8.1326,122.4,I,25.60362212,242,0.03,0.326086957,0.070472397,SS,bioregprop,0.238381537,3138400
2654,3.1386,10.5007,122.4,I,41.21525559,242,0.03,0.608695652,0.060468906,SS,bioregprop,0.238381537,3138600
2396,3.1441,6.1482,121.6801,VI,5.433283,71,0,0.065217391,0.070581849,CS,bioregprop,0.185125835,3144100
2141,3.1482,6.5457,120.72,I,49.67795791,37,0,0.086956522,0.076430338,SS,bioregprop,0.156820172,3148200
696,3.1541,10.0284,114.4,VI,13.86833676,0,0,0.456521739,0.062532954,WPS,bioregprop,0,3154100
2311,3.1573,13.6296,121.36,I,25.13870808,1229,0.07,0.913043478,0.06293066,VS,nearest1,0.308955188,3157300
3180,3.1591,11.2863,124.08,I,36.4853376,357,0.04,0.826086957,0.068551174,VS,bioregprop,0.255266822,3159100
1921,3.1609,14.7929,120,V,1.950195713,840,0.06,0.913043478,0.064179374,WPS,bioregprop,0.292427929,3160900
2020,3.1652,14.5607,120.3199,I,27.08961732,1427,0.07,0.913043478,0.063626557,WPS,bioregprop,0.315442397,3165200
2990,3.1667,11.5999,123.52,I,31.03768517,221,0.03,0.826086957,0.060547108,VS,bioregprop,0.234439227,3166700
2019,3.1784,14.4832,120.3199,I,10.68053776,242,0.03,0.913043478,0.063776039,WPS,bioregprop,0.238381537,3178400
2624,3.1794,9.6343,122.3199,I,44.37982974,242,0.03,0.47826087,0.065329592,SS,nearest1,0.238381537,3179400
1783,3.1949,11.5216,119.6,I,42.92979626,242,0.03,0.695652174,0.059488837,WPS,bioregprop,0.238381537,3194900
3189,3.201,13.5518,124.08,I,31.91665742,318,0.04,0.891304348,0.070589403,NPS,nearest1,0.250242712,3201000
1311,3.2011,8.6865,117.92,III,41.59759783,28,0,0.282608696,0.063435996,SS,bioregprop,0.144715803,3201100
1757,3.2063,4.7147,119.52,I,24.339969,42,0,0.02173913,0.07663546,CS,nearest1,0.162324929,3206300
2844,3.208,12.1479,123.12,VI,18.90761187,242,0.03,0.847826087,0.062941249,VS,bioregprop,0.238381537,3208000
2845,3.2114,12.2261,123.12,III,50.34308185,242,0.03,0.847826087,0.063286555,VS,bioregprop,0.238381537,3211400
2795,3.212,11.5216,122.96,I,20.27115938,381,0.04,0.782608696,0.060723543,VS,bioregprop,0.258092498,3212000
1508,3.2134,9.792,118.48,I,24.81120331,25,0,0.413043478,0.066886466,SS,bioregprop,0.139794001,3213400
2881,3.2144,13.1627,123.2,III,42.51305572,242,0.03,0.869565217,0.065093227,VS,bioregprop,0.238381537,3214400
765,3.2291,11.1293,114.96,V,1.712178425,0,0,0.543478261,0.064834188,WPS,bioregprop,0,3229100
2903,3.2367,11.3647,123.28,VI,12.7003518,325,0.04,0.782608696,0.060719182,VS,bioregprop,0.251188336,3236700
2278,3.2434,9.792,121.28,II,7.003375161,69,0,0.52173913,0.069847456,SS,bioregprop,0.183884909,3243400
3271,3.253,10.8938,124.3199,V,8.029292545,333,0.04,0.760869565,0.0723649,VS,nearest1,0.252244423,3253000
2336,3.2537,19.2285,121.4399,II,42.19378948,43,0,0.97826087,0.064980588,NPS,bioregprop,0.163346846,3253700
943,3.2612,11.9132,116.64,I,9.00640465,242,0.03,0.630434783,0.059419917,WPS,bioregprop,0.238381537,3261200
3150,3.2626,11.5216,124,III,29.33621176,242,0.03,0.847826087,0.06649643,VS,bioregprop,0.238381537,3262600
3186,3.273,12.4606,124.08,I,16.28448586,242,0.03,0.869565217,0.064359735,VS,bioregprop,0.238381537,3273000
892,3.2742,11.5999,116.4,I,39.14870913,242,0.03,0.630434783,0.058468063,WPS,bioregprop,0.238381537,3274200
951,3.2761,7.9741,116.72,I,53.25220487,242,0.03,0.195652174,0.065993925,SS,bioregprop,0.238381537,3276100
3374,3.2776,9.0027,124.8,I,23.86462976,521,0.05,0.52173913,0.070681287,VS,nearest1,0.271683772,3277600
1658,3.2928,10.5007,119.04,I,19.30469762,23,0,0.52173913,0.061565353,WPS,bioregprop,0.136172784,3292800
1093,3.3032,11.6783,117.2,I,38.1852099,242,0.03,0.608695652,0.058762957,WPS,bioregprop,0.238381537,3303200
2587,3.3065,12.6168,122.16,VI,10.04354007,272,0.03,0.847826087,0.063928058,VS,nearest1,0.24345689,3306500
820,3.3111,11.0508,116,I,30.20277609,242,0.03,0.52173913,0.062742745,WPS,bioregprop,0.238381537,3311100
2280,3.3223,9.9496,121.28,I,14.49648109,242,0.03,0.52173913,0.069503674,SS,bioregprop,0.238381537,3322300
1821,3.3237,4.7944,119.76,IV,15.96597,40,0,0.02173913,0.077324321,CS,nearest1,0.160205999,3323700
913,3.3245,9.0027,116.5601,I,32.08638803,242,0.03,0.391304348,0.059024636,WPS,bioregprop,0.238381537,3324500
2782,3.334,13.0068,122.88,I,25.1034968,273,0.03,0.869565217,0.06469876,VS,bioregprop,0.243616265,3334000
2945,3.3385,8.7656,123.4399,I,18.52396041,242,0.03,0.47826087,0.062925025,VS,nearest1,0.238381537,3338500
1692,3.3417,11.5999,119.2,I,43.69909212,43,0,0.717391304,0.058432567,WPS,bioregprop,0.163346846,3341700
2190,3.3437,5.9095,120.88,I,39.98897353,244,0.03,0.065217391,0.072704693,SS,bioregprop,0.238738983,3343700
1259,3.3451,9.6343,117.76,V,6.019192368,242,0.03,0.413043478,0.064337887,WPS,bioregprop,0.238381537,3345100
2056,3.3504,18.0156,120.4,I,31.85881721,242,0.03,0.956521739,0.072333912,WPS,bioregprop,0.238381537,3350400
3136,3.3567,14.018,123.92,I,32.35177693,221,0.03,0.913043478,0.072024909,NPS,nearest1,0.234439227,3356700
3154,3.3594,12.5387,124,I,24.82255643,558,0.05,0.869565217,0.064073877,VS,bioregprop,0.27466342,3359400
1336,3.3615,8.7656,118,I,18.10727904,28,0,0.304347826,0.064018721,SS,bioregprop,0.144715803,3361500
1104,3.3694,8.6865,117.28,I,8.801743546,10,0,0.326086957,0.060176663,WPS,bioregprop,0.1,3369400
693,3.3755,9.792,114.4,I,42.97357015,1,0,0.456521739,0.065490728,WPS,bioregprop,0,3375500
2661,3.3888,13.3963,122.4,I,6.215620564,242,0.03,0.869565217,0.066152352,VS,nearest1,0.238381537,3388800
1283,3.399,8.7656,117.84,I,12.71735868,301,0.04,0.282608696,0.06353726,SS,bioregprop,0.24785665,3399000
2463,3.4077,14.6381,121.84,I,38.04270537,242,0.03,0.913043478,0.071641207,NPS,bioregprop,0.238381537,3407700
2567,3.4101,13.6296,122.08,I,27.11728601,242,0.03,0.891304348,0.064864246,VS,bioregprop,0.238381537,3410100
3486,3.4125,10.422,125.36,III,38.68494774,242,0.03,0.760869565,0.071640765,VS,bioregprop,0.238381537,3412500
1110,3.4162,9.1607,117.28,I,29.17522819,242,0.03,0.413043478,0.061787791,WPS,bioregprop,0.238381537,3416200
980,3.4203,10.8152,116.8,VI,20.17717245,1,0,0.52173913,0.058996375,WPS,bioregprop,0,3420300
1119,3.432,11.7566,117.28,I,24.63252159,242,0.03,0.608695652,0.059315466,WPS,bioregprop,0.238381537,3432000
1115,3.4331,10.8152,117.28,I,14.6909204,242,0.03,0.52173913,0.056259277,WPS,bioregprop,0.238381537,3433100
1041,3.438,8.3701,117.04,I,14.97112794,242,0.03,0.304347826,0.058648453,WPS,bioregprop,0.238381537,3438000
2607,3.4391,13.5518,122.24,I,7.246083293,691,0.05,0.869565217,0.065626104,VS,bioregprop,0.283947805,3439100
1934,3.4424,8.9237,120.08,Outlier,53.24100618,24,0,0.347826087,0.067466503,SS,bioregprop,0.138021124,3442400
2428,3.447,14.9475,121.76,I,28.78647023,242,0.03,0.913043478,0.070964179,NPS,nearest1,0.238381537,3447000
2660,3.492,13.3184,122.4,I,33.00407618,242,0.03,0.869565217,0.065987157,VS,nearest1,0.238381537,3492000
3045,3.5019,11.0508,123.6801,III,55.21200137,242,0.03,0.739130435,0.066941482,VS,nearest1,0.238381537,3501900
2452,3.503,12.0697,121.84,I,32.26335475,242,0.03,0.804347826,0.063771853,VS,nearest1,0.238381537,3503000
3122,3.5088,8.2117,123.92,V,4.965294338,2515,0.07,0.456521739,0.06859563,VS,nearest1,0.340053799,3508800
3219,3.5108,12.9289,124.16,I,20.83605582,838,0.06,0.869565217,0.067670258,NPS,bioregprop,0.292324402,3510800
1954,3.511,5.4318,120.16,I,37.056835,242,0.03,0.043478261,0.070297171,CS,bioregprop,0.238381537,3511000
794,3.5231,10.5794,115.76,I,28.23355001,1,0,0.5,0.063227206,WPS,bioregprop,0,3523100
3026,3.5246,12.8509,123.6,III,26.13522009,242,0.03,0.869565217,0.062388257,VS,bioregprop,0.238381537,3524600
1911,3.5384,5.9891,120,I,52.27546921,242,0.03,0.065217391,0.073353453,SS,bioregprop,0.238381537,3538400
1722,3.5482,11.2863,119.36,I,24.72969468,242,0.03,0.673913043,0.059162396,WPS,bioregprop,0.238381537,3548200
1864,3.553,8.8447,119.84,I,27.93228101,242,0.03,0.326086957,0.067317224,SS,bioregprop,0.238381537,3553000
3437,3.5622,11.1293,125.2,V,7.06206772,3034,0.08,0.847826087,0.076255955,VS,bioregprop,0.348201558,3562200
3074,3.5734,11.8349,123.76,I,19.96983315,234,0.03,0.847826087,0.061299312,VS,bioregprop,0.236921586,3573400
1394,3.5758,8.9237,118.16,I,40.42051445,23,0,0.326086957,0.065191345,SS,bioregprop,0.136172784,3575800
3312,3.5856,12.6168,124.48,II,9.356104154,257,0.03,0.869565217,0.067259806,NPS,nearest1,0.240993312,3585600
843,3.5981,10.9723,116.16,I,47.30087271,242,0.03,0.5,0.061674612,WPS,bioregprop,0.238381537,3598100
1764,3.6024,11.8349,119.52,I,13.08961593,55,0,0.695652174,0.059326294,WPS,bioregprop,0.174036269,3602400
2465,3.6041,15.102,121.84,II,21.06926846,242,0.03,0.934782609,0.070728878,NPS,nearest1,0.238381537,3604100
2191,3.6209,6.0686,120.88,I,53.4771652,243,0.03,0.065217391,0.072718952,SS,bioregprop,0.238560627,3620900
1060,3.6213,8.6074,117.12,I,23.43988809,8,0,0.326086957,0.058426485,WPS,bioregprop,0.090308999,3621300
3265,3.6535,8.6074,124.3199,III,42.45012646,710,0.05,0.5,0.071290534,VS,nearest1,0.285125835,3653500
2379,3.6621,11.5999,121.6,I,55.57761389,242,0.03,0.695652174,0.065537726,SS,bioregprop,0.238381537,3662100
3675,3.6628,7.9741,126.48,II,31.48293519,159,0.03,0.47826087,0.070443223,SPS,bioregprop,0.220139712,3662800
884,3.6821,10.9723,116.4,I,22.14324622,1,0,0.5,0.059955574,WPS,bioregprop,0,3682100
3177,3.6888,11.0508,124.08,I,45.1930549,624,0.05,0.760869565,0.070580738,VS,bioregprop,0.279518459,3688800
2005,3.693,5.9095,120.3199,I,43.12463342,32,0,0.065217391,0.071205314,SS,bioregprop,0.150514998,3693000
877,3.7095,9.1607,116.4,I,43.59968185,242,0.03,0.413043478,0.06333468,WPS,bioregprop,0.238381537,3709500
1723,3.7204,11.3647,119.36,I,22.75975435,242,0.03,0.695652174,0.058931188,WPS,bioregprop,0.238381537,3720400
659,3.7278,9.9496,114.24,I,54.13307023,242,0.03,0.456521739,0.064260593,WPS,bioregprop,0.238381537,3727800
802,3.7295,10.658,115.84,I,40.55976018,1,0,0.5,0.063064709,WPS,bioregprop,0,3729500
2244,3.7477,10.9723,121.12,I,39.03891124,121,0.03,0.630434783,0.065910072,SS,bioregprop,0.208278537,3747700
2410,3.7531,5.9891,121.76,I,10.094525,75,0,0.043478261,0.072143421,CS,bioregprop,0.187506126,3753100
2515,3.756,20.4326,121.92,I,25.05939166,107,0.03,0.956521739,0.068976362,NPS,bioregprop,0.202938378,3756000
1770,3.7612,12.3825,119.52,V,5.917099024,242,0.03,0.760869565,0.061151836,WPS,bioregprop,0.238381537,3761200
3078,3.7614,13.4741,123.76,I,53.6676205,697,0.05,0.869565217,0.069783176,NPS,nearest1,0.284323278,3761400
2176,3.7654,11.2078,120.8,II,9.788591507,242,0.03,0.652173913,0.064356577,SS,bioregprop,0.238381537,3765400
3203,3.7698,11.1293,124.16,I,8.825968772,242,0.03,0.782608696,0.070275696,VS,bioregprop,0.238381537,3769800
882,3.7849,10.422,116.4,I,34.74497455,242,0.03,0.5,0.063826323,WPS,bioregprop,0.238381537,3784900
2110,3.7933,5.5115,120.64,I,22.507799,39,0,0.043478261,0.072705356,CS,bioregprop,0.159106461,3793300
3179,3.8013,11.2078,124.08,V,4.15883029,473,0.04,0.804347826,0.069094891,VS,bioregprop,0.267486114,3801300
2302,3.8016,6.7046,121.36,I,18.76161468,61,0,0.108695652,0.070692429,SS,bioregprop,0.178532984,3801600
2295,3.8039,19.3795,121.28,I,21.14902658,242,0.03,0.97826087,0.067616579,WPS,bioregprop,0.238381537,3803900
2447,3.8058,11.4432,121.84,Outlier,35.89599002,242,0.03,0.695652174,0.06602692,SS,bioregprop,0.238381537,3805800
1801,3.8208,11.3647,119.6801,I,29.82113241,52,0,0.673913043,0.06057602,WPS,bioregprop,0.171600334,3820800
1428,3.825,10.422,118.24,I,33.91311136,242,0.03,0.5,0.06178279,WPS,bioregprop,0.238381537,3825000
1199,3.8266,8.4492,117.6,I,12.2224103,13,0,0.260869565,0.062156584,SS,bioregprop,0.111394335,3826600
880,3.8271,10.2646,116.4,I,52.73562132,242,0.03,0.456521739,0.064634102,WPS,bioregprop,0.238381537,3827100
2720,3.8301,7.4985,122.64,I,57.025715,177,0.03,0.239130435,0.074133419,CS,bioregprop,0.224797327,3830100
3584,3.8311,10.8938,125.6801,V,4.608538671,163,0.03,0.826086957,0.077023024,SPS,nearest1,0.22121876,3831100
1162,3.8468,11.1293,117.4399,I,40.77310461,4,0,0.543478261,0.057740438,WPS,bioregprop,0.060205999,3846800
2938,3.8734,12.0697,123.36,I,27.51326572,1387,0.07,0.847826087,0.060378674,VS,bioregprop,0.314207646,3873400
2477,3.8742,6.2277,121.92,I,45.126265,64,0,0.065217391,0.070312674,CS,bioregprop,0.180617997,3874200
825,3.8907,11.4432,116,I,18.79727865,242,0.03,0.608695652,0.06189904,WPS,bioregprop,0.238381537,3890700
3194,3.9058,6.1482,124.16,I,39.425477,242,0.03,0.152173913,0.079805956,CS,bioregprop,0.238381537,3905800
2397,3.9155,6.2277,121.6801,I,9.836104,242,0.03,0.065217391,0.069807024,CS,bioregprop,0.238381537,3915500
3313,3.919,12.6948,124.48,II,14.2596881,225,0.03,0.869565217,0.067665193,NPS,nearest1,0.235218252,3919000
1979,3.9316,5.9891,120.24,I,32.25722298,242,0.03,0.065217391,0.072286391,SS,bioregprop,0.238381537,3931600
3601,3.9343,9.5554,125.84,III,53.68359344,267,0.03,0.630434783,0.071148744,SPS,bioregprop,0.242651126,3934300
2456,3.9419,12.3825,121.84,IV,23.05718926,242,0.03,0.826086957,0.063471224,VS,bioregprop,0.238381537,3941900
1209,3.949,15.1793,117.6,I,31.40587528,242,0.03,0.891304348,0.070175933,WPS,bioregprop,0.238381537,3949000
3361,3.9507,9.0027,124.72,I,43.58646737,242,0.03,0.52173913,0.070492535,VS,nearest1,0.238381537,3950700
1942,3.9561,13.9404,120.08,I,32.43855913,242,0.03,0.891304348,0.065898163,WPS,nearest1,0.238381537,3956100
1993,3.9585,16.641,120.24,I,31.52522792,859,0.06,0.934782609,0.068051856,WPS,bioregprop,0.293399316,3958500
2328,3.9901,11.9132,121.4399,III,39.7454623,242,0.03,0.739130435,0.06533207,SS,bioregprop,0.238381537,3990100
1905,3.9911,16.4876,119.92,VI,16.32193256,527,0.05,0.934782609,0.067286067,WPS,nearest1,0.272181062,3991100
1417,3.9943,9.0817,118.24,I,30.66912741,38,0,0.326086957,0.066443781,SS,bioregprop,0.15797836,3994300
2901,3.9958,11.2078,123.28,IV,15.34397061,395,0.04,0.717391304,0.061575041,VS,bioregprop,0.25965971,3995800
2819,3.996,11.9132,123.04,V,9.599485704,242,0.03,0.826086957,0.062396625,VS,bioregprop,0.238381537,3996000
2172,4.0199,10.658,120.8,I,20.66325426,73,0,0.586956522,0.066938877,SS,bioregprop,0.186332286,4019900
3146,4.0214,8.2117,124,V,2.195556221,2707,0.07,0.456521739,0.069223014,VS,nearest1,0.343248826,4021400
3126,4.0364,11.2863,123.92,I,39.16371719,329,0.04,0.804347826,0.067035867,VS,bioregprop,0.25171959,4036400
3409,4.0364,5.7503,125.12,II,12.56696,214,0.03,0.108695652,0.080445796,CS,nearest1,0.233041377,4036400
2243,4.0402,10.8938,121.12,I,24.62027496,121,0.03,0.630434783,0.066096835,SS,bioregprop,0.208278537,4040200
3429,4.0431,5.5911,125.2,II,14.76477,242,0.03,0.108695652,0.080044543,CS,nearest1,0.238381537,4043100
1345,4.0565,9.9496,118,I,24.17313074,242,0.03,0.434782609,0.063795194,WPS,bioregprop,0.238381537,4056500
1978,4.0854,5.8299,120.24,I,38.49868046,242,0.03,0.065217391,0.070683788,SS,bioregprop,0.238381537,4085400
1036,4.0907,11.9915,116.96,I,31.02517194,5,0,0.630434783,0.05979467,WPS,bioregprop,0.069897,4090700
778,4.1005,10.2646,115.28,I,27.25726239,1,0,0.434782609,0.061505033,WPS,bioregprop,0,4100500
2965,4.104,12.0697,123.4399,IV,23.27307156,251,0.03,0.847826087,0.059904808,VS,bioregprop,0.239967372,4104000
2012,4.1247,12.2261,120.3199,I,38.02694809,107,0.03,0.739130435,0.060385756,WPS,bioregprop,0.202938378,4124700
3349,4.1268,12.5387,124.64,II,17.01968478,488,0.04,0.869565217,0.068594886,NPS,nearest1,0.268841982,4126800
1048,4.1293,8.9237,117.04,I,22.86762386,242,0.03,0.391304348,0.058251084,WPS,bioregprop,0.238381537,4129300
2323,4.1633,6.6252,121.4399,Outlier,44.47793993,68,0,0.108695652,0.069635106,SS,bioregprop,0.183250891,4163300
1828,4.1728,10.422,119.76,I,21.91624955,39,0,0.52173913,0.066984967,SS,bioregprop,0.159106461,4172800
2868,4.1811,11.8349,123.2,IV,20.94529753,235,0.03,0.826086957,0.059908082,VS,bioregprop,0.237106786,4181100
3037,4.1896,9.6343,123.6801,I,33.8229951,733,0.05,0.586956522,0.06890394,VS,nearest1,0.286510397,4189600
1112,4.2111,10.5794,117.28,I,11.37379582,242,0.03,0.52173913,0.055662841,WPS,bioregprop,0.238381537,4211100
1374,4.2223,9.3976,118.08,I,50.03850807,21,0,0.391304348,0.066903987,WPS,bioregprop,0.132221929,4222300
932,4.2296,10.5007,116.64,I,4.542844412,1,0,0.5,0.062070521,WPS,bioregprop,0,4229600
1310,4.2327,8.6074,117.92,I,47.4401333,18,0,0.260869565,0.063083492,SS,bioregprop,0.125527251,4232700
3213,4.2365,12.3825,124.16,I,13.32121947,306,0.04,0.869565217,0.064538095,VS,bioregprop,0.248572143,4236500
1372,4.2379,8.9237,118.08,I,37.46891662,29,0,0.347826087,0.064969016,SS,bioregprop,0.1462398,4237900
1756,4.2431,4.6349,119.52,I,36.363947,37,0,0.02173913,0.076618125,CS,nearest1,0.156820172,4243100
1042,4.2443,8.4492,117.04,I,19.5155541,242,0.03,0.304347826,0.058032431,WPS,bioregprop,0.238381537,4244300
1220,4.2453,8.3701,117.6801,I,42.44098542,11,0,0.260869565,0.06260944,SS,bioregprop,0.104139269,4245300
2148,4.246,11.2863,120.72,I,16.57500574,81,0,0.652173913,0.063681137,SS,bioregprop,0.190848502,4246000
1098,4.2654,7.6571,117.28,I,28.49048833,11,0,0.130434783,0.067124815,SS,bioregprop,0.104139269,4265400
2259,4.2718,9.792,121.2,I,36.0974488,65,0,0.52173913,0.069332012,SS,bioregprop,0.181291336,4271800
1138,4.2758,9.2397,117.36,I,32.76217623,7,0,0.391304348,0.062439663,WPS,bioregprop,0.084509804,4275800
2992,4.2792,11.7566,123.52,I,38.05198556,209,0.03,0.847826087,0.05962912,VS,bioregprop,0.232014629,4279200
2069,4.2851,13.2406,120.48,I,13.74527741,396,0.04,0.869565217,0.06810111,WPS,nearest1,0.259769519,4285100
2915,4.2865,7.3398,123.36,I,46.085249,151,0.03,0.282608696,0.073499464,CS,nearest1,0.217897695,4286500
2143,4.2933,9.3186,120.72,I,43.47987129,242,0.03,0.456521739,0.070010302,SS,bioregprop,0.238381537,4293300
1529,4.3014,9.3186,118.5601,I,32.49345513,47,0,0.347826087,0.068296322,SS,bioregprop,0.167209786,4301400
2042,4.3048,11.9915,120.4,I,36.24462207,108,0.03,0.739130435,0.060238902,SS,bioregprop,0.203342376,4304800
1766,4.3101,12.0697,119.52,I,24.26879206,67,0,0.739130435,0.060054325,WPS,bioregprop,0.18260748,4310100
845,4.3154,11.3647,116.16,I,18.19058817,1,0,0.565217391,0.06055483,WPS,bioregprop,0,4315400
2239,4.3159,9.6343,121.12,I,44.70262673,242,0.03,0.5,0.069183158,SS,bioregprop,0.238381537,4315900
3667,4.3271,8.4492,126.4,V,2.570967745,260,0.03,0.52173913,0.070385503,SPS,nearest1,0.241497335,4327100
2596,4.3391,14.6381,122.16,I,25.82476789,242,0.03,0.891304348,0.071628158,NPS,bioregprop,0.238381537,4339100
1038,4.3604,7.6571,117.04,I,24.38962214,242,0.03,0.152173913,0.068513318,SS,bioregprop,0.238381537,4360400
2772,4.3612,7.2605,122.88,I,15.036831,149,0.03,0.217391304,0.071319912,CS,bioregprop,0.217318627,4361200
2436,4.3666,20.3576,121.76,I,4.051556263,242,0.03,0.956521739,0.069745727,NPS,bioregprop,0.238381537,4366600
3040,4.3744,9.8708,123.6801,I,16.18769757,242,0.03,0.608695652,0.071578782,VS,nearest1,0.238381537,4374400
2233,4.3786,12.1479,121.04,I,53.68981613,204,0.03,0.739130435,0.064675035,SS,bioregprop,0.230963017,4378600
1249,4.3863,8.4492,117.76,I,11.63965823,13,0,0.260869565,0.062498697,SS,bioregprop,0.111394335,4386300
3214,4.4086,12.5387,124.16,I,34.08259123,371,0.04,0.869565217,0.065295243,VS,bioregprop,0.256937391,4408600
1504,4.4123,7.8156,118.48,I,41.57627182,9,0,0.152173913,0.067046072,SS,bioregprop,0.095424251,4412300
1797,4.4222,5.9095,119.6801,I,12.49100762,242,0.03,0.065217391,0.075313923,SS,bioregprop,0.238381537,4422200
1826,4.4228,5.8299,119.76,I,28.51500351,19,0,0.065217391,0.074350625,SS,bioregprop,0.12787536,4422800
3474,4.4236,5.5115,125.36,I,5.828472,242,0.03,0.086956522,0.078207743,CS,bioregprop,0.238381537,4423600
834,4.4283,11.4432,116.08,I,48.3113923,1,0,0.608695652,0.061065011,WPS,bioregprop,0,4428300
2174,4.4406,10.9723,120.8,III,29.14831017,242,0.03,0.652173913,0.06557007,SS,bioregprop,0.238381537,4440600
1161,4.442,11.0508,117.4399,I,12.38994635,4,0,0.543478261,0.057259978,WPS,bioregprop,0.060205999,4442000
3066,4.4496,10.0284,123.76,I,8.00992847,242,0.03,0.630434783,0.072485837,VS,nearest1,0.238381537,4449600
3152,4.4575,11.7566,124,I,23.74835018,242,0.03,0.847826087,0.065112341,VS,bioregprop,0.238381537,4457500
2848,4.4644,12.4606,123.12,I,15.86016749,242,0.03,0.869565217,0.063130844,VS,bioregprop,0.238381537,4464400
2884,4.4691,14.1732,123.2,I,18.98416828,242,0.03,0.891304348,0.071872525,NPS,bioregprop,0.238381537,4469100
679,4.4893,10.2646,114.3199,I,37.12185585,0,0,0.47826087,0.061383713,WPS,bioregprop,0,4489300
3327,4.4942,12.6948,124.5601,II,24.56737826,207,0.03,0.869565217,0.068325845,NPS,nearest1,0.231597035,4494200
2213,4.5053,6.7046,120.96,I,53.14788463,242,0.03,0.086956522,0.074428087,SS,bioregprop,0.238381537,4505300
2246,4.5339,11.2863,121.12,I,13.16147265,102,0.03,0.630434783,0.065092616,SS,bioregprop,0.200860017,4533900
2572,4.5354,15.0248,122.08,VII,0.12225626,260,0.03,0.934782609,0.072831288,NPS,nearest1,0.241497335,4535400
2964,4.5411,11.9915,123.4399,I,25.11690924,217,0.03,0.847826087,0.059497804,VS,bioregprop,0.233645973,4541100
2976,4.558,9.3186,123.52,V,6.363219228,242,0.03,0.543478261,0.066240863,VS,nearest1,0.238381537,4558000
2790,4.5747,7.3398,122.96,I,20.024077,155,0.03,0.260869565,0.07223709,CS,bioregprop,0.21903317,4574700
1369,4.6036,8.6865,118.08,II,7.750716019,17,0,0.260869565,0.063840622,SS,bioregprop,0.123044892,4603600
789,4.6106,10.422,115.6801,I,13.29085551,242,0.03,0.47826087,0.063248035,WPS,bioregprop,0.238381537,4610600
2231,4.6517,11.2863,121.04,I,50.37197543,95,0,0.652173913,0.064744496,SS,bioregprop,0.197772361,4651700
1111,4.6612,10.1072,117.28,I,28.69843255,242,0.03,0.434782609,0.058510176,WPS,bioregprop,0.238381537,4661200
1909,4.6669,5.2725,120,I,34.825163,26.5,0,0.02173913,0.072203898,CS,bioregprop,0.142324587,4666900
1678,4.6754,11.5999,119.12,I,48.76718666,40,0,0.717391304,0.058415582,WPS,bioregprop,0.160205999,4675400
2873,4.6757,12.3825,123.2,V,1.606061655,212,0.03,0.869565217,0.062800221,VS,bioregprop,0.232633586,4675700
2818,4.6838,11.8349,123.04,I,30.88857227,231,0.03,0.826086957,0.061851682,VS,bioregprop,0.236361198,4683800
849,4.6914,11.6783,116.16,I,14.77425925,242,0.03,0.652173913,0.060060553,WPS,bioregprop,0.238381537,4691400
899,4.6927,10.3434,116.48,I,28.35002219,1,0,0.5,0.06392975,WPS,bioregprop,0,4692700
1744,4.7137,11.9915,119.4399,I,21.00152303,59,0,0.717391304,0.059762757,WPS,bioregprop,0.177085201,4713700
2944,4.7306,7.5778,123.4399,I,43.791978,218,0.03,0.326086957,0.072630144,CS,nearest1,0.233845649,4730600
3047,4.7623,11.2863,123.6801,III,44.58328908,553,0.05,0.760869565,0.064628869,VS,bioregprop,0.274272513,4762300
2847,4.7707,12.3825,123.12,III,20.99629993,198,0.03,0.869565217,0.063256578,VS,bioregprop,0.229666519,4770700
1700,4.7735,4.7944,119.28,IV,17.56461,28,0,0.02173913,0.075389199,CS,bioregprop,0.144715803,4773500
2013,4.7858,12.3043,120.3199,I,28.01967537,113,0.03,0.739130435,0.06068111,WPS,bioregprop,0.205307844,4785800
2930,4.7932,11.2863,123.36,III,46.0726798,310,0.04,0.760869565,0.061705345,VS,bioregprop,0.249136169,4793200
1780,4.796,10.3434,119.6,I,34.14308252,33,0,0.52173913,0.065964036,SS,bioregprop,0.151851394,4796000
2089,4.812,11.2863,120.5601,I,20.63936883,242,0.03,0.652173913,0.063298848,SS,bioregprop,0.238381537,4812000
2455,4.8147,12.3043,121.84,I,25.54558212,242,0.03,0.826086957,0.063523926,VS,nearest1,0.238381537,4814700
1086,4.8232,10.2646,117.2,I,43.03144519,242,0.03,0.456521739,0.057741851,WPS,bioregprop,0.238381537,4823200
1129,4.8471,8.2117,117.36,II,9.607925536,12,0,0.239130435,0.061940798,SS,bioregprop,0.107918125,4847100
2541,4.8565,14.4058,122,I,23.31274203,605,0.05,0.891304348,0.069753269,NPS,bioregprop,0.278175537,4856500
2963,4.8793,11.9132,123.4399,I,35.47203357,208,0.03,0.847826087,0.059195862,VS,bioregprop,0.231806333,4879300
1207,4.9235,10.658,117.6,I,38.28698674,5,0,0.5,0.05570275,WPS,bioregprop,0.069897,4923500
726,4.9289,10.2646,114.5601,I,15.74679587,0,0,0.47826087,0.060811072,WPS,bioregprop,0,4928900
2875,4.9375,12.5387,123.2,VI,24.74689247,209,0.03,0.869565217,0.062617686,VS,bioregprop,0.232014629,4937500
1796,4.9442,5.7503,119.6801,I,21.29173996,18,0,0.043478261,0.074835103,SS,bioregprop,0.125527251,4944200
902,4.9445,10.5794,116.48,I,28.30639242,242,0.03,0.5,0.062499035,WPS,bioregprop,0.238381537,4944500
3633,4.9634,10.1072,126,II,19.21847969,108,0.03,0.760869565,0.0713163,SPS,nearest1,0.203342376,4963400
1252,4.9717,8.6865,117.76,I,22.21431835,243,0.03,0.282608696,0.062956484,SS,bioregprop,0.238560627,4971700
1879,4.9738,15.3336,119.84,I,37.32597633,565,0.05,0.913043478,0.062375923,WPS,nearest1,0.275204845,4973800
2158,4.9888,18.6231,120.72,I,31.44185134,204,0.03,0.956521739,0.074062795,WPS,bioregprop,0.230963017,4988800
2627,5.0005,9.8708,122.3199,I,16.23992796,242,0.03,0.5,0.063003645,SS,nearest1,0.238381537,5000500
1847,5.0107,15.4108,119.76,I,32.00231031,242,0.03,0.913043478,0.061739991,WPS,nearest1,0.238381537,5010700
2581,5.0211,6.8635,122.16,I,18.184614,309,0.04,0.108695652,0.069627977,CS,bioregprop,0.248995848,5021100
3602,5.0309,9.6343,125.84,V,3.985040655,267,0.03,0.652173913,0.070898562,SPS,bioregprop,0.242651126,5030900
1806,5.0411,12.4606,119.6801,VII,0.441589341,90,0,0.760869565,0.061398942,WPS,bioregprop,0.195424251,5041100
1841,5.0434,12.2261,119.76,I,9.689695197,85,0,0.739130435,0.060456631,WPS,nearest1,0.192941893,5043400
1720,5.0502,9.9496,119.36,I,28.83810188,242,0.03,0.47826087,0.065988541,SS,bioregprop,0.238381537,5050200
1056,5.053,7.7364,117.12,II,9.057730674,242,0.03,0.173913043,0.067115726,SS,bioregprop,0.238381537,5053000
1988,5.0679,13.6296,120.24,I,36.26874356,242,0.03,0.869565217,0.067367821,WPS,bioregprop,0.238381537,5067900
1835,5.0872,11.5999,119.76,I,32.81458376,58,0,0.695652174,0.059766438,WPS,bioregprop,0.176342799,5087200
1480,5.0944,9.1607,118.4,I,38.83680833,42,0,0.347826087,0.067441213,SS,bioregprop,0.162324929,5094400
757,5.0998,10.8938,114.8,I,29.5609536,242,0.03,0.543478261,0.063167537,WPS,bioregprop,0.238381537,5099800
1023,5.1011,7.8156,116.96,III,43.83623648,11,0,0.173913043,0.067073938,SS,bioregprop,0.104139269,5101100
1321,5.1065,9.8708,117.92,I,25.75218348,242,0.03,0.413043478,0.063679701,WPS,bioregprop,0.238381537,5106500
3394,5.1098,12.6948,124.96,I,46.50570936,242,0.03,0.869565217,0.072411688,NPS,bioregprop,0.238381537,5109800
1089,5.1199,10.9723,117.2,I,19.24993251,242,0.03,0.565217391,0.057228984,WPS,bioregprop,0.238381537,5119900
1679,5.1226,4.3957,119.2,I,11.407773,17,0,0.02173913,0.075349895,CS,bioregprop,0.123044892,5122600
2640,5.1299,17.4059,122.3199,VII,0.491280939,105,0.03,0.956521739,0.07554288,NPS,bioregprop,0.20211893,5129900
759,5.1426,10.8938,114.88,I,37.08694264,242,0.03,0.543478261,0.063397716,WPS,bioregprop,0.238381537,5142600
2236,5.15,5.7503,121.12,I,14.963375,78,0,0.065217391,0.074410282,CS,bioregprop,0.18920946,5150000
2995,5.1575,11.9915,123.52,III,27.63823073,214,0.03,0.847826087,0.059360556,VS,bioregprop,0.233041377,5157500
3235,5.1603,10.658,124.24,I,19.18037736,465,0.04,0.739130435,0.07289191,VS,bioregprop,0.266745295,5160300
3677,5.1634,8.1326,126.48,V,5.902489702,239,0.03,0.5,0.070260879,SPS,bioregprop,0.23783979,5163400
1924,5.1796,16.4109,120,VI,16.51274253,642,0.05,0.934782609,0.067325609,WPS,nearest1,0.280753503,5179600
3157,5.1838,13.6296,124,I,25.83657856,242,0.03,0.891304348,0.070846284,NPS,bioregprop,0.238381537,5183800
3190,5.1942,14.0956,124.08,I,24.96005283,186,0.03,0.913043478,0.072597411,NPS,bioregprop,0.226951294,5194200
1452,5.2092,9.1607,118.3199,I,14.43449699,53,0,0.347826087,0.067229701,SS,bioregprop,0.172427587,5209200
2887,5.212,7.3398,123.28,I,21.325875,242,0.03,0.282608696,0.073264773,CS,nearest1,0.238381537,5212000
1854,5.2148,16.3341,119.76,I,27.04586226,860,0.06,0.934782609,0.066019128,WPS,bioregprop,0.293449845,5214800
1869,5.2545,11.6783,119.84,I,55.83844337,64,0,0.652173913,0.059848134,WPS,bioregprop,0.180617997,5254500
2542,5.2773,14.6381,122,I,49.08888931,614,0.05,0.891304348,0.071768813,NPS,bioregprop,0.278816837,5277300
2298,5.2899,5.9095,121.36,I,7.518785,186,0.03,0.065217391,0.073465109,CS,bioregprop,0.226951294,5289900
1337,5.2909,8.8447,118,I,25.86316386,63,0,0.347826087,0.064352576,SS,bioregprop,0.179934055,5290900
2954,5.2995,11.0508,123.4399,I,10.91717253,450,0.04,0.739130435,0.064393753,VS,bioregprop,0.265321251,5299500
854,5.3032,8.9237,116.24,I,23.57981918,242,0.03,0.391304348,0.064366445,WPS,bioregprop,0.238381537,5303200
2728,5.3183,12.2261,122.64,I,37.35520006,209,0.03,0.826086957,0.064710571,VS,bioregprop,0.232014629,5318300
1839,5.3245,12.0697,119.76,I,27.62048906,82,0,0.739130435,0.059996663,WPS,nearest1,0.191381385,5324500
646,5.3575,9.792,114.16,VII,0.121631479,242,0.03,0.456521739,0.065705939,WPS,bioregprop,0.238381537,5357500
1082,5.3612,8.8447,117.2,VII,0.161342811,7,0,0.369565217,0.059871348,WPS,bioregprop,0.084509804,5361200
978,5.371,10.5007,116.8,I,39.68088971,2,0,0.5,0.060401591,WPS,bioregprop,0.030103,5371000
1393,5.3885,8.8447,118.16,Outlier,43.5241321,23,0,0.304347826,0.064771443,SS,bioregprop,0.136172784,5388500
1478,5.3982,7.7364,118.4,I,26.16030329,9,0,0.152173913,0.066875952,SS,bioregprop,0.095424251,5398200
3520,5.3985,12.3043,125.4399,I,42.9092188,147,0.03,0.869565217,0.0728694,NPS,bioregprop,0.216731733,5398500
1883,5.4001,15.642,119.84,I,18.48489763,564,0.05,0.934782609,0.063697053,WPS,nearest1,0.27512791,5400100
3501,5.4038,5.5115,125.4399,I,7.524268,242,0.03,0.086956522,0.076939199,CS,bioregprop,0.238381537,5403800
1344,5.4443,9.8708,118,I,36.71108734,11,0,0.413043478,0.064556128,WPS,bioregprop,0.104139269,5444300
1635,5.4536,11.4432,118.88,I,15.20827164,242,0.03,0.630434783,0.058451798,WPS,bioregprop,0.238381537,5453600
2287,5.4893,12.1479,121.28,I,26.51335385,214,0.03,0.782608696,0.065126948,SS,nearest1,0.233041377,5489300
1282,5.4968,8.6865,117.84,I,27.35855603,52,0,0.282608696,0.06321368,SS,bioregprop,0.171600334,5496800
3592,5.4994,10.0284,125.76,II,24.94121929,144,0.03,0.739130435,0.069968567,SPS,bioregprop,0.215836249,5499400
1735,5.5026,4.5552,119.4399,IV,19.50424,55,0,0.02173913,0.076201392,CS,bioregprop,0.174036269,5502600
2851,5.509,12.8509,123.12,V,5.534810267,242,0.03,0.869565217,0.063264172,VS,bioregprop,0.238381537,5509000
1746,5.5101,12.1479,119.4399,I,17.02076099,242,0.03,0.760869565,0.060339358,WPS,bioregprop,0.238381537,5510100
3166,5.5292,6.2277,124.08,I,30.080035,242,0.03,0.152173913,0.079096864,CS,bioregprop,0.238381537,5529200
3155,5.5331,13.3184,124,I,26.76993205,456,0.04,0.869565217,0.06917076,NPS,nearest1,0.265896484,5533100
1930,5.5522,5.6707,120.08,Outlier,55.74304737,242,0.03,0.043478261,0.070626742,SS,bioregprop,0.238381537,5552200
2812,5.57,7.4985,123.04,I,61.126173,185,0.03,0.282608696,0.073734621,CS,bioregprop,0.226717173,5570000
1689,5.5745,11.0508,119.2,I,38.0265796,37,0,0.565217391,0.059446009,WPS,nearest1,0.156820172,5574500
942,5.5766,11.8349,116.64,I,26.04762209,242,0.03,0.630434783,0.058947877,WPS,bioregprop,0.238381537,5576600
1222,5.5893,8.5283,117.6801,I,35.47616596,17,0,0.282608696,0.062264605,SS,bioregprop,0.123044892,5589300
2435,5.5985,20.2826,121.76,I,31.92271087,21,0,0.956521739,0.069734405,NPS,bioregprop,0.132221929,5598500
1972,5.6072,14.7155,120.16,I,25.89362702,242,0.03,0.913043478,0.064378634,WPS,bioregprop,0.238381537,5607200
1159,5.6162,9.3186,117.4399,I,33.74807811,7,0,0.391304348,0.062901572,WPS,bioregprop,0.084509804,5616200
883,5.6195,10.8938,116.4,V,6.388935879,1,0,0.5,0.060479298,WPS,bioregprop,0,5619500
2714,5.6248,14.4058,122.5601,I,37.88255525,242,0.03,0.913043478,0.071664729,NPS,bioregprop,0.238381537,5624800
2029,5.6275,17.7872,120.3199,I,8.311323498,242,0.03,0.956521739,0.071039054,WPS,bioregprop,0.238381537,5627500
2006,5.6358,5.9891,120.3199,I,27.10676519,242,0.03,0.065217391,0.072047077,SS,bioregprop,0.238381537,5635800
2678,5.6524,10.422,122.48,I,51.20255534,350,0.04,0.630434783,0.060566873,SS,bioregprop,0.254406804,5652400
3453,5.6622,5.5911,125.28,I,28.721756,593,0.05,0.108695652,0.079065497,CS,bioregprop,0.277305469,5662200
1380,5.6666,10.0284,118.08,I,32.21697329,11,0,0.434782609,0.063926819,WPS,bioregprop,0.104139269,5666600
3419,5.6707,12.6168,125.12,I,14.09237902,228,0.03,0.869565217,0.073672626,NPS,bioregprop,0.235793485,5670700
3310,5.6751,10.8152,124.48,V,8.146551931,444,0.04,0.760869565,0.072584565,VS,nearest1,0.264738297,5675100
2142,5.6767,9.2397,120.72,III,36.69750451,37,0,0.456521739,0.070363173,SS,bioregprop,0.156820172,5676700
1739,5.682,10.1859,119.4399,I,30.88960404,32,0,0.5,0.065336181,SS,bioregprop,0.150514998,5682000
1002,5.6836,8.2117,116.88,I,31.44921986,242,0.03,0.304347826,0.060898961,WPS,bioregprop,0.238381537,5683600
1983,5.6972,11.7566,120.24,I,51.14515402,81,0,0.717391304,0.060607183,SS,bioregprop,0.190848502,5697200
2896,5.7031,9.9496,123.28,I,17.24059469,515,0.05,0.608695652,0.075675796,VS,nearest1,0.271180723,5703100
3617,5.7133,9.5554,125.92,II,16.76888615,140,0.03,0.630434783,0.071581137,SPS,bioregprop,0.214612804,5713300
1745,5.7462,12.0697,119.4399,I,45.13832584,242,0.03,0.739130435,0.060047638,WPS,bioregprop,0.238381537,5746200
1029,5.754,8.5283,116.96,I,5.849305268,242,0.03,0.347826087,0.057216947,WPS,bioregprop,0.238381537,5754000
2268,5.7691,18.8504,121.2,I,8.337360301,86,0,0.956521739,0.068830281,WPS,bioregprop,0.193449845,5769100
824,5.7751,11.3647,116,I,17.14750969,1,0,0.586956522,0.062192777,WPS,bioregprop,0,5775100
1557,5.783,10.8152,118.64,I,24.04205053,242,0.03,0.5,0.060382791,WPS,bioregprop,0.238381537,5783000
1077,5.7896,8.4492,117.2,I,19.95395288,25,0,0.304347826,0.059200362,WPS,bioregprop,0.139794001,5789600
2092,5.8026,13.1627,120.5601,I,20.89083625,417,0.04,0.869565217,0.068017529,WPS,nearest1,0.262013605,5802600
1872,5.8078,11.9132,119.84,I,28.96968159,81,0,0.717391304,0.059777952,WPS,nearest1,0.190848502,5807800
979,5.817,10.5794,116.8,I,31.72550146,2,0,0.5,0.060056803,WPS,bioregprop,0.030103,5817000
1952,5.8318,4.9538,120.16,I,26.854934,32,0,0.02173913,0.074917619,CS,nearest1,0.150514998,5831800
3473,5.8347,5.3522,125.36,I,30.197384,242,0.03,0.086956522,0.077934445,CS,bioregprop,0.238381537,5834700
2878,5.8381,12.9289,123.2,V,8.964746036,321,0.04,0.869565217,0.063189303,VS,bioregprop,0.250650503,5838100
1526,5.8396,7.9741,118.5601,I,21.44008204,242,0.03,0.173913043,0.067075764,SS,bioregprop,0.238381537,5839600
3451,5.8441,5.4318,125.28,IV,17.59317,88,0,0.086956522,0.079001357,CS,bioregprop,0.194448267,5844100
1855,5.8609,16.4109,119.76,VI,17.88432455,574,0.05,0.956521739,0.066313947,WPS,nearest1,0.275891189,5860900
3053,5.8667,12.8509,123.6801,I,7.145939307,464,0.04,0.869565217,0.062808996,VS,bioregprop,0.266651798,5866700
857,5.933,10.9723,116.24,I,31.35460065,1,0,0.5,0.061065337,WPS,bioregprop,0,5933000
3001,5.9397,14.018,123.52,I,49.59863807,324.5,0.04,0.913043478,0.071777169,NPS,bioregprop,0.25112147,5939700
2326,5.944,11.3647,121.4399,I,33.27115805,132,0.03,0.673913043,0.066188184,SS,bioregprop,0.212057393,5944000
2439,5.9524,6.3072,121.84,I,8.689124,242,0.03,0.065217391,0.069269675,CS,bioregprop,0.238381537,5952400
1824,5.9662,5.1132,119.76,I,35.507286,48,0,0.02173913,0.07519872,CS,bioregprop,0.168124124,5966200
2895,5.9718,9.8708,123.28,I,24.54059993,242,0.03,0.608695652,0.075666387,VS,nearest1,0.238381537,5971800
2170,5.978,6.5457,120.8,I,16.31416066,37,0,0.086956522,0.075641568,SS,bioregprop,0.156820172,5978000
2037,5.9785,6.1482,120.4,I,39.59476706,41,0,0.065217391,0.073652395,SS,bioregprop,0.161278386,5978500
1064,5.996,8.9237,117.12,I,32.45133321,7,0,0.391304348,0.059242627,WPS,bioregprop,0.084509804,5996000
3251,6.0059,12.3825,124.24,III,43.60671408,382,0.04,0.869565217,0.0650828,VS,bioregprop,0.258206336,6005900
2842,6.0059,11.9915,123.12,I,22.42858885,226,0.03,0.847826087,0.06185638,VS,bioregprop,0.235410844,6005900
1535,6.0063,10.5794,118.5601,V,1.312629999,12,0,0.52173913,0.061178847,WPS,bioregprop,0.107918125,6006300
2816,6.016,11.5999,123.04,V,4.793213451,487,0.04,0.804347826,0.060400131,VS,bioregprop,0.268752896,6016000
914,6.0179,9.0817,116.5601,I,28.5340398,242,0.03,0.391304348,0.059927254,WPS,bioregprop,0.238381537,6017900
1834,6.0318,11.3647,119.76,I,24.74978095,53,0,0.673913043,0.060922663,WPS,bioregprop,0.172427587,6031800
2843,6.0899,12.0697,123.12,I,52.8284026,225,0.03,0.847826087,0.062418257,VS,bioregprop,0.235218252,6089900
1461,6.1227,10.3434,118.3199,I,9.179915231,12,0,0.5,0.062782107,WPS,bioregprop,0.107918125,6122700
1805,6.1343,12.3825,119.6801,I,30.9240734,85,0,0.760869565,0.061081171,WPS,bioregprop,0.192941893,6134300
3598,6.1343,10.9723,125.76,I,17.21772935,162,0.03,0.847826087,0.077352454,SPS,bioregprop,0.220951501,6134300
1032,6.1365,8.7656,116.96,I,41.06307583,242,0.03,0.369565217,0.057205939,WPS,bioregprop,0.238381537,6136500
1893,6.1386,8.7656,119.92,I,33.97638455,22,0,0.326086957,0.067869413,SS,bioregprop,0.134242268,6138600
3308,6.1474,9.7131,124.48,V,4.994609865,431,0.04,0.608695652,0.065994519,VS,bioregprop,0.263447727,6147400
841,6.1738,10.8152,116.16,I,7.804954901,1,0,0.5,0.061750645,WPS,bioregprop,0,6173800
1368,6.2068,8.6074,118.08,I,40.15607459,14,0,0.239130435,0.063502149,SS,bioregprop,0.114612804,6206800
1449,6.2072,7.8949,118.3199,I,37.1026453,242,0.03,0.173913043,0.065846065,SS,bioregprop,0.238381537,6207200
2916,6.221,8.6865,123.36,I,26.31380967,349,0.04,0.47826087,0.063420208,SS,bioregprop,0.254282543,6221000
2017,6.2402,13.6296,120.3199,I,57.12055044,478,0.04,0.869565217,0.067392338,WPS,bioregprop,0.26794279,6240200
3254,6.256,12.6168,124.24,I,11.9869946,242,0.03,0.869565217,0.066157242,NPS,nearest1,0.238381537,6256000
2262,6.2568,11.2078,121.2,I,27.45943407,107,0.03,0.630434783,0.065705195,SS,bioregprop,0.202938378,6256800
1781,6.265,11.3647,119.6,I,13.8114786,51,0,0.695652174,0.06020179,WPS,bioregprop,0.170757018,6265000
1602,6.2705,9.792,118.8,I,21.10559253,218,0.03,0.456521739,0.066127184,SS,nearest1,0.233845649,6270500
3046,6.2984,11.2078,123.6801,IV,12.59985204,668,0.05,0.760869565,0.065368112,VS,bioregprop,0.282477646,6298400
2355,6.3221,11.3647,121.52,I,28.55090204,139,0.03,0.673913043,0.06631318,SS,bioregprop,0.21430148,6322100
2503,6.3264,13.785,121.92,III,23.76040611,744,0.05,0.913043478,0.064339591,VS,bioregprop,0.287157294,6326400
1099,6.3496,7.7364,117.28,I,45.55207794,11,0,0.130434783,0.066402395,SS,bioregprop,0.104139269,6349600
2947,6.3661,9.2397,123.4399,I,30.9759789,428,0.04,0.543478261,0.065948347,VS,nearest1,0.263144377,6366100
1810,6.4024,15.9499,119.6801,I,23.31669072,242,0.03,0.934782609,0.064390706,WPS,bioregprop,0.238381537,6402400
3564,6.4472,10.9723,125.6,V,3.989616578,166,0.03,0.847826087,0.07772195,SPS,nearest1,0.222010809,6447200
3678,6.452,8.2117,126.48,II,19.91431989,239,0.03,0.52173913,0.070289682,SPS,bioregprop,0.23783979,6452000
1011,6.479,11.1293,116.88,I,34.75446172,2,0,0.565217391,0.057729128,WPS,bioregprop,0.030103,6479000
657,6.479,9.7131,114.24,I,31.0946428,1,0,0.456521739,0.06701777,WPS,bioregprop,0,6479000
1705,6.4876,11.2078,119.28,I,35.47273761,242,0.03,0.652173913,0.059036738,WPS,bioregprop,0.238381537,6487600
3562,6.4916,10.8152,125.6,V,3.550961912,242,0.03,0.804347826,0.076503073,SPS,nearest1,0.238381537,6491600
1074,6.5249,7.5778,117.2,Outlier,60.51716799,13,0,0.130434783,0.068204833,SS,bioregprop,0.111394335,6524900
846,6.5265,11.4432,116.16,I,23.6944784,1,0,0.565217391,0.060251974,WPS,bioregprop,0,6526500
3583,6.5336,10.7366,125.6801,II,20.23646383,149,0.03,0.782608696,0.075557127,SPS,bioregprop,0.217318627,6533600
695,6.5746,9.9496,114.4,I,18.43040627,1,0,0.456521739,0.063429373,WPS,bioregprop,0,6574600
1050,6.5994,10.658,117.04,I,28.49351174,242,0.03,0.52173913,0.057294462,WPS,bioregprop,0.238381537,6599400
1663,6.6018,11.4432,119.04,I,50.14841496,37,0,0.673913043,0.058229278,WPS,bioregprop,0.156820172,6601800
3142,6.6221,7.3398,124,I,17.281299,266,0.03,0.282608696,0.068095248,CS,bioregprop,0.242488164,6622100
2220,6.6461,12.1479,120.96,I,24.01122191,242,0.03,0.739130435,0.064219864,SS,bioregprop,0.238381537,6646100
2303,6.713,6.7841,121.36,II,7.432407991,61,0,0.108695652,0.071311584,SS,bioregprop,0.178532984,6713000
2801,6.7699,13.0068,122.96,I,34.72767336,284,0.03,0.869565217,0.06446447,VS,bioregprop,0.245331834,6769900
1024,6.7711,8.0534,116.96,I,27.44262846,13,0,0.195652174,0.063403252,SS,bioregprop,0.111394335,6771100
3597,6.775,10.8938,125.76,V,1.331939782,162,0.03,0.826086957,0.076720412,SPS,nearest1,0.220951501,6775000
1381,6.7975,10.1072,118.08,I,30.55305508,242,0.03,0.434782609,0.063206458,WPS,bioregprop,0.238381537,6797500
2373,6.7987,6.0686,121.6,I,22.936655,951,0.06,0.065217391,0.071495504,CS,bioregprop,0.297818052,6798700
1027,6.804,8.2909,116.96,I,30.0494133,242,0.03,0.304347826,0.059443142,WPS,bioregprop,0.238381537,6804000
2920,6.8116,9.2397,123.36,I,31.70025095,684,0.05,0.52173913,0.066876156,VS,nearest1,0.28350561,6811600
3510,6.8512,9.8708,125.4399,III,37.26065408,272,0.03,0.717391304,0.067986529,VS,bioregprop,0.24345689,6851200
3293,6.9132,10.7366,124.4,III,27.71746508,378,0.04,0.760869565,0.072526478,VS,bioregprop,0.25774918,6913200
844,6.9219,11.2863,116.16,I,40.63825589,242,0.03,0.565217391,0.06085704,WPS,bioregprop,0.238381537,6921900
1264,6.9262,15.1793,117.76,I,49.34560504,48,0,0.869565217,0.069636595,WPS,bioregprop,0.168124124,6926200
2164,6.9556,5.9891,120.8,I,15.32195735,242,0.03,0.065217391,0.072349694,SS,bioregprop,0.238381537,6955600
3561,6.957,10.7366,125.6,V,1.958315675,242,0.03,0.782608696,0.075680901,SPS,bioregprop,0.238381537,6957000
3093,6.9575,10.1072,123.84,I,28.96558612,242,0.03,0.630434783,0.0727412,VS,nearest1,0.238381537,6957500
3618,6.9829,9.9496,125.92,I,38.02567202,166,0.03,0.739130435,0.070849977,SPS,nearest1,0.222010809,6982900
2955,6.9948,11.2078,123.4399,V,9.919374791,319,0.04,0.760869565,0.063023846,VS,bioregprop,0.250379068,6994800
1941,6.9984,13.785,120.08,I,35.03598927,373,0.04,0.869565217,0.066588419,WPS,bioregprop,0.257170883,6998400
1761,7.022,10.2646,119.52,I,37.65497838,29,0,0.5,0.065660773,SS,bioregprop,0.1462398,7022000
924,7.0384,11.6783,116.5601,I,38.61625741,1,0,0.608695652,0.058290941,WPS,bioregprop,0,7038400
1281,7.0471,8.6074,117.84,I,32.59997803,22,0,0.282608696,0.062880103,SS,bioregprop,0.134242268,7047100
1916,7.0903,11.3647,120,I,28.97673756,70,0,0.652173913,0.0617794,SS,bioregprop,0.184509804,7090300
2986,7.1077,11.2078,123.52,I,9.498374771,306,0.04,0.760869565,0.063794462,VS,bioregprop,0.248572143,7107700
2636,7.1121,14.7929,122.3199,V,4.976833282,365,0.04,0.934782609,0.073535483,NPS,nearest1,0.256229286,7112100
2402,7.1482,13.8627,121.6801,V,3.083718627,1465,0.07,0.913043478,0.063136333,VS,bioregprop,0.316583762,7148200
975,7.1818,8.0534,116.8,V,5.54671269,10,0,0.195652174,0.064081872,WPS,bioregprop,0.1,7181800
1765,7.1914,11.9132,119.52,VII,0.582127061,58,0,0.717391304,0.059528461,WPS,bioregprop,0.176342799,7191400
2145,7.2016,10.7366,120.72,I,39.00795004,76,0,0.608695652,0.06674181,SS,bioregprop,0.188081359,7201600
1870,7.2037,11.7566,119.84,I,51.11171406,68,0,0.652173913,0.059769782,WPS,nearest1,0.183250891,7203700
923,7.2228,11.3647,116.5601,V,5.283482349,242,0.03,0.586956522,0.057485272,WPS,bioregprop,0.238381537,7222800
1047,7.2323,8.8447,117.04,I,17.74750609,242,0.03,0.391304348,0.058097351,WPS,bioregprop,0.238381537,7232300
1258,7.2569,9.5554,117.76,I,7.213798532,242,0.03,0.391304348,0.064635544,WPS,bioregprop,0.238381537,7256900
1201,7.312,9.0817,117.6,I,32.30678144,15,0,0.369565217,0.063233608,WPS,bioregprop,0.117609126,7312000
862,7.3483,11.7566,116.24,I,10.16290692,242,0.03,0.652173913,0.05986498,WPS,bioregprop,0.238381537,7348300
3511,7.3521,9.9496,125.4399,I,29.40913819,223,0.03,0.717391304,0.068099865,VS,bioregprop,0.234830486,7352100
1880,7.3823,15.4108,119.84,I,29.68207018,640,0.05,0.934782609,0.062549137,WPS,nearest1,0.280617997,7382300
1004,7.399,8.5283,116.88,I,23.94792086,242,0.03,0.347826087,0.056887057,WPS,bioregprop,0.238381537,7399000
2745,7.4039,12.3043,122.72,I,30.65682161,234,0.03,0.847826087,0.064603352,VS,bioregprop,0.236921586,7403900
3267,7.4042,10.2646,124.3199,V,9.052002481,462,0.04,0.695652174,0.071287556,VS,bioregprop,0.266464198,7404200
1100,7.4101,7.8156,117.28,I,35.78423891,10,0,0.173913043,0.065599104,SS,bioregprop,0.1,7410100
964,7.4187,11.9132,116.72,I,20.28543795,2,0,0.630434783,0.059345902,WPS,bioregprop,0.030103,7418700
3536,7.427,10.422,125.52,I,7.379824129,189,0.03,0.760869565,0.07189689,VS,bioregprop,0.22764618,7427000
934,7.4317,10.658,116.64,I,24.83006688,242,0.03,0.5,0.061114364,WPS,bioregprop,0.238381537,7431700
1747,7.4339,12.2261,119.4399,I,21.12932219,242,0.03,0.760869565,0.060620767,WPS,bioregprop,0.238381537,7433900
788,7.4876,10.5007,115.6,VI,16.12771626,242,0.03,0.5,0.063325574,WPS,bioregprop,0.238381537,7487600
2202,7.5166,11.2863,120.88,I,22.75370196,85,0,0.652173913,0.064153863,SS,bioregprop,0.192941893,7516600
2707,7.5177,12.2261,122.5601,I,9.390969842,242,0.03,0.826086957,0.064619006,VS,bioregprop,0.238381537,7517700
1263,7.5221,15.102,117.76,I,30.7447677,48,0,0.869565217,0.069560941,WPS,bioregprop,0.168124124,7522100
1448,7.5364,7.8156,118.3199,III,40.42318995,242,0.03,0.173913043,0.066111355,SS,bioregprop,0.238381537,7536400
847,7.5623,11.5216,116.16,I,40.8115427,242,0.03,0.630434783,0.060054174,WPS,bioregprop,0.238381537,7562300
3253,7.5681,12.5387,124.24,II,12.37817573,439,0.04,0.869565217,0.065527253,NPS,bioregprop,0.264246452,7568100
2109,7.5921,5.4318,120.64,IV,15.9075,242,0.03,0.043478261,0.073264814,CS,bioregprop,0.238381537,7592100
2045,7.6532,12.7729,120.4,I,26.5642211,242,0.03,0.826086957,0.065261916,WPS,bioregprop,0.238381537,7653200
660,7.6776,10.0284,114.24,I,30.8848767,242,0.03,0.47826087,0.06335369,WPS,bioregprop,0.238381537,7677600
1338,7.6798,9.3186,118,I,25.99669092,27,0,0.391304348,0.066093741,WPS,bioregprop,0.143136376,7679800
2136,7.7227,5.6707,120.72,I,38.729327,53,0,0.065217391,0.07247534,CS,bioregprop,0.172427587,7722700
645,7.7265,9.7131,114.16,I,41.49319722,242,0.03,0.456521739,0.066671883,WPS,bioregprop,0.238381537,7726500
1609,7.7542,11.1293,118.8,I,29.07065219,26,0,0.586956522,0.05896024,WPS,bioregprop,0.141497335,7754200
1463,7.7654,10.5007,118.3199,I,29.84033958,242,0.03,0.52173913,0.061563352,WPS,bioregprop,0.238381537,7765400
2472,7.7666,20.3576,121.84,II,18.34863625,24,0,0.956521739,0.069307752,NPS,bioregprop,0.138021124,7766600
1227,7.7991,9.4765,117.6801,I,36.49556914,10,0,0.391304348,0.064078535,WPS,bioregprop,0.1,7799100
3091,7.804,9.9496,123.84,III,30.62300965,571,0.05,0.630434783,0.071219758,VS,bioregprop,0.275663611,7804000
2928,7.8128,11.0508,123.36,I,3.380420688,525,0.05,0.717391304,0.063495531,VS,bioregprop,0.27201593,7812800
2423,7.8323,13.8627,121.76,I,28.65222745,1558,0.07,0.913043478,0.063509656,VS,bioregprop,0.319256745,7832300
842,7.8334,10.8938,116.16,I,33.0150404,242,0.03,0.5,0.061701211,WPS,bioregprop,0.238381537,7833400
2846,7.8473,12.3043,123.12,I,13.46897949,204,0.03,0.847826087,0.06334338,VS,bioregprop,0.230963017,7847300
2095,7.8478,13.9404,120.5601,I,25.68860003,1989,0.07,0.891304348,0.06531374,WPS,nearest1,0.329863478,7847800
1046,7.8501,8.7656,117.04,I,25.66571361,242,0.03,0.369565217,0.05799711,WPS,bioregprop,0.238381537,7850100
1005,7.8592,8.6074,116.88,I,30.81438003,242,0.03,0.347826087,0.056682639,WPS,bioregprop,0.238381537,7859200
1582,7.8605,10.9723,118.72,I,38.1139821,242,0.03,0.52173913,0.059801265,WPS,bioregprop,0.238381537,7860500
1224,7.8657,9.1607,117.6801,VII,0.41787694,14,0,0.369565217,0.063795532,WPS,bioregprop,0.114612804,7865700
2222,7.8696,12.3043,120.96,I,26.56384146,242,0.03,0.804347826,0.065723344,SS,nearest1,0.238381537,7869600
2199,7.8782,10.9723,120.88,I,13.02840398,242,0.03,0.652173913,0.065602041,SS,bioregprop,0.238381537,7878200
3104,7.8854,13.3963,123.84,I,24.9798916,242,0.03,0.869565217,0.06937751,NPS,nearest1,0.238381537,7885400
1285,7.8861,9.3186,117.84,I,16.20254079,15,0,0.369565217,0.064963946,WPS,bioregprop,0.117609126,7886100
1782,7.9102,11.4432,119.6,V,2.620691066,52,0,0.695652174,0.059780324,WPS,bioregprop,0.171600334,7910200
2888,7.9238,7.4192,123.28,I,56.702056,201,0.03,0.282608696,0.073757782,CS,nearest1,0.230319606,7923800
1154,7.9277,8.9237,117.4399,I,47.05271961,18,0,0.347826087,0.06207255,WPS,bioregprop,0.125527251,7927700
1786,7.9328,12.3043,119.6,VI,20.60791353,77,0,0.760869565,0.060837263,WPS,bioregprop,0.188649073,7932800
859,7.9332,11.1293,116.24,I,27.12733124,242,0.03,0.52173913,0.060644284,WPS,bioregprop,0.238381537,7933200
2783,7.9387,13.0848,122.88,I,6.13747236,305,0.04,0.869565217,0.065003913,VS,bioregprop,0.248429984,7938700
1075,8.008,7.6571,117.2,I,30.62761656,12,0,0.130434783,0.067491735,SS,bioregprop,0.107918125,8008000
1441,8.0374,7.1017,118.3199,I,24.96919315,12,0,0.130434783,0.070556344,SS,bioregprop,0.107918125,8037400
2983,8.064,10.8938,123.52,I,31.99953703,501,0.05,0.739130435,0.066749456,VS,bioregprop,0.269983773,8064000
2461,8.0805,13.8627,121.84,I,10.65680507,999,0.06,0.913043478,0.064000711,VS,bioregprop,0.299956549,8080500
2857,8.0886,7.4192,123.2,I,27.444292,200,0.03,0.282608696,0.073570746,CS,bioregprop,0.230103,8088600
3094,8.089,10.1859,123.84,I,21.12213907,3065,0.08,0.630434783,0.073340445,VS,nearest1,0.348643048,8089000
1152,8.0975,8.3701,117.4399,I,24.27718535,11,0,0.260869565,0.061538859,SS,bioregprop,0.104139269,8097500
1014,8.1154,11.9915,116.88,I,10.24832642,5,0,0.630434783,0.059772491,WPS,bioregprop,0.069897,8115400
3343,8.1527,10.2646,124.64,III,54.85586499,344,0.04,0.695652174,0.069347597,VS,nearest1,0.253655844,8152700
3364,8.2099,10.1072,124.72,III,35.81634747,242,0.03,0.673913043,0.067583939,VS,bioregprop,0.238381537,8209900
1223,8.2308,8.6074,117.6801,I,10.05367708,27,0,0.282608696,0.062404388,SS,bioregprop,0.143136376,8230800
1871,8.2669,11.8349,119.84,I,25.22440799,77,0,0.673913043,0.059757739,WPS,nearest1,0.188649073,8266900
2839,8.2979,11.6783,123.12,III,61.62884675,242,0.03,0.804347826,0.059973903,VS,bioregprop,0.238381537,8297900
3117,8.3233,7.3398,123.92,VI,6.589106,242,0.03,0.282608696,0.069526905,CS,bioregprop,0.238381537,8323300
2635,8.3399,14.6381,122.3199,I,28.65322619,242,0.03,0.913043478,0.072075309,NPS,bioregprop,0.238381537,8339900
1289,8.3524,9.6343,117.84,I,19.70680293,10,0,0.391304348,0.065040652,WPS,bioregprop,0.1,8352400
1704,8.3883,10.1859,119.28,I,34.96915,178,0.03,0.5,0.063978172,SS,bioregprop,0.225042,8388300
1076,8.4318,7.7364,117.2,I,35.31818234,11,0,0.152173913,0.066705157,SS,bioregprop,0.104139269,8431800
835,8.4697,11.5216,116.08,I,32.43008715,242,0.03,0.608695652,0.060838769,WPS,bioregprop,0.238381537,8469700
3565,8.4863,11.0508,125.6,I,9.1935351,216,0.03,0.847826087,0.078137561,VS,bioregprop,0.233445375,8486300
3062,8.4994,9.6343,123.76,I,31.40250927,11157,0.1,0.586956522,0.068202385,VS,nearest1,0.404754743,8499400
1230,8.5136,10.8152,117.6801,I,34.73219377,5,0,0.52173913,0.056445267,WPS,bioregprop,0.069897,8513600
1221,8.5143,8.4492,117.6801,I,15.14681138,13,0,0.260869565,0.062357356,SS,bioregprop,0.111394335,8514300
801,8.5242,9.3186,115.84,I,43.03049748,242,0.03,0.413043478,0.066377454,WPS,bioregprop,0.238381537,8524200
1863,8.5448,8.6865,119.84,I,54.5967125,242,0.03,0.304347826,0.068106919,SS,bioregprop,0.238381537,8544800
2450,8.5662,11.9132,121.84,I,14.82314275,242,0.03,0.782608696,0.064025274,VS,nearest1,0.238381537,8566200
919,8.6052,10.5794,116.5601,I,27.09983473,1,0,0.5,0.062173221,WPS,bioregprop,0,8605200
1411,8.6227,7.1017,118.24,I,27.14327554,11,0,0.130434783,0.070759349,SS,bioregprop,0.104139269,8622700
1937,8.6357,11.4432,120.08,Outlier,32.64641906,62,0,0.630434783,0.061508609,SS,bioregprop,0.179239169,8635700
2229,8.6443,10.9723,121.04,I,30.05378228,118,0.03,0.630434783,0.065725943,SS,bioregprop,0.207188201,8644300
1741,8.6661,11.7566,119.4399,I,48.43962317,50,0,0.717391304,0.059108833,WPS,bioregprop,0.169897,8666100
2240,8.671,9.7131,121.12,I,26.1593539,242,0.03,0.5,0.06875433,SS,bioregprop,0.238381537,8671000
1860,8.6713,5.2725,119.84,I,14.534719,242,0.03,0.02173913,0.073496644,CS,bioregprop,0.238381537,8671300
2566,8.7042,13.5518,122.08,IV,17.37059398,1152,0.07,0.869565217,0.064678878,VS,bioregprop,0.306145248,8704200
1825,8.7148,5.1929,119.76,VI,8.844156,242,0.03,0.02173913,0.074635802,CS,bioregprop,0.238381537,8714800
2505,8.7328,14.4058,121.92,I,30.88767104,242,0.03,0.891304348,0.069833598,NPS,bioregprop,0.238381537,8732800
724,8.7695,9.9496,114.5601,I,25.10516747,1,0,0.456521739,0.062113192,WPS,bioregprop,0,8769500
1114,8.795,10.7366,117.28,I,40.76646129,3,0,0.52173913,0.05595056,WPS,bioregprop,0.047712125,8795000
2740,8.8251,7.5778,122.72,I,33.347736,203,0.03,0.239130435,0.074476824,CS,bioregprop,0.230749604,8825100
1476,8.8576,7.0224,118.4,I,25.02339137,41,0,0.130434783,0.070638686,SS,bioregprop,0.161278386,8857600
1989,8.8784,13.8627,120.24,I,38.07189283,551,0.05,0.891304348,0.066457911,WPS,nearest1,0.27411516,8878400
1030,8.8821,8.6074,116.96,I,29.76131521,242,0.03,0.347826087,0.057138431,WPS,bioregprop,0.238381537,8882100
2015,8.8945,12.6948,120.3199,I,47.56406737,242,0.03,0.826086957,0.063838011,WPS,bioregprop,0.238381537,8894500
1575,8.9012,10.1072,118.72,I,45.4493051,242,0.03,0.47826087,0.063780651,WPS,bioregprop,0.238381537,8901200
1581,8.96,10.8938,118.72,I,35.53182688,242,0.03,0.52173913,0.060061187,WPS,bioregprop,0.238381537,8960000
1103,8.9719,8.1326,117.28,I,28.37396084,23,0,0.217391304,0.062233297,SS,nearest1,0.136172784,8971900
3097,8.9845,10.9723,123.84,V,8.068621098,648,0.05,0.739130435,0.069541082,VS,nearest1,0.281157501,8984500
1373,8.9904,9.0027,118.08,I,34.71242886,68,0,0.369565217,0.065347067,SS,bioregprop,0.183250891,8990400
3676,8.9946,8.0534,126.48,III,58.26090951,192,0.03,0.47826087,0.070310535,SPS,bioregprop,0.228330123,8994600
1958,9.0021,5.9095,120.16,I,49.55748766,28,0,0.065217391,0.071740796,SS,bioregprop,0.144715803,9002100
3605,9.0217,9.8708,125.84,I,24.18621082,176,0.03,0.739130435,0.070375722,SPS,bioregprop,0.224551267,9021700
1798,9.0893,10.422,119.6801,I,27.96518144,40,0,0.52173913,0.066355124,SS,bioregprop,0.160205999,9089300
2241,9.0919,9.792,121.12,Outlier,46.02929358,242,0.03,0.52173913,0.068319286,SS,bioregprop,0.238381537,9091900
2748,9.1487,13.1627,122.72,V,3.08919202,242,0.03,0.869565217,0.065687837,VS,bioregprop,0.238381537,9148700
1320,9.1711,9.792,117.92,I,28.79152178,9,0,0.391304348,0.064518644,WPS,bioregprop,0.095424251,9171100
2757,9.2109,7.2605,122.8,II,13.96282,243,0.03,0.217391304,0.071188491,CS,bioregprop,0.238560627,9210900
1876,9.2351,12.5387,119.84,VI,15.9912954,104,0.03,0.782608696,0.061566405,WPS,bioregprop,0.201703334,9235100
2877,9.2652,12.7729,123.2,VI,17.82026753,264,0.03,0.869565217,0.062699504,VS,bioregprop,0.242160393,9265200
2309,9.2913,12.1479,121.36,Outlier,32.78155099,224,0.03,0.782608696,0.0649684,SS,nearest1,0.235024802,9291300
1927,9.3631,4.9538,120.08,I,24.865895,45,0,0.02173913,0.075290221,CS,nearest1,0.165321251,9363100
1956,9.3909,5.6707,120.16,II,9.5193642,242,0.03,0.043478261,0.070064143,SS,bioregprop,0.238381537,9390900
1113,9.4008,10.658,117.28,I,23.06739716,242,0.03,0.52173913,0.055727418,WPS,bioregprop,0.238381537,9400800
3291,9.4351,10.3434,124.4,I,6.362976614,362,0.04,0.695652174,0.071280933,VS,bioregprop,0.255870857,9435100
3273,9.4373,11.0508,124.3199,V,5.750374594,322,0.04,0.782608696,0.071639706,VS,nearest1,0.250785587,9437300
1767,9.4414,12.1479,119.52,I,27.98520627,70,0,0.739130435,0.060344481,WPS,bioregprop,0.184509804,9441400
2329,9.4477,11.9915,121.4399,I,25.70031923,242,0.03,0.739130435,0.065102688,SS,bioregprop,0.238381537,9447700
3631,9.4636,9.6343,126,II,25.12098238,179,0.03,0.673913043,0.071803826,SPS,bioregprop,0.225285303,9463600
901,9.5114,10.5007,116.48,I,28.41325116,242,0.03,0.5,0.063021951,WPS,bioregprop,0.238381537,9511400
1440,9.5229,7.0224,118.3199,I,28.70289099,242,0.03,0.130434783,0.070736426,SS,bioregprop,0.238381537,9522900
1132,9.5255,8.7656,117.36,I,33.55306021,10,0,0.326086957,0.061104152,WPS,bioregprop,0.1,9525500
678,9.6025,10.1859,114.3199,I,12.44864133,0,0,0.47826087,0.061646903,WPS,bioregprop,0,9602500
2571,9.6107,14.6381,122.08,I,19.85064695,242,0.03,0.891304348,0.071677528,NPS,bioregprop,0.238381537,9610700
3619,9.6436,10.0284,125.92,I,34.9398733,132,0.03,0.739130435,0.070870522,SPS,nearest1,0.212057393,9643600
1840,9.6903,12.1479,119.76,I,37.98637055,85,0,0.739130435,0.06020707,WPS,bioregprop,0.192941893,9690300
2826,9.7325,12.9289,123.04,I,26.34383496,286,0.03,0.869565217,0.063864051,VS,bioregprop,0.245636603,9732500
1475,9.7449,6.9429,118.4,I,28.36468955,13,0,0.108695652,0.070848983,SS,bioregprop,0.111394335,9744900
2493,9.7638,12.2261,121.92,I,19.89212442,290,0.03,0.826086957,0.063459646,VS,nearest1,0.2462398,9763800
1785,9.7768,12.2261,119.6,I,23.14537366,74,0,0.760869565,0.060591,WPS,bioregprop,0.186923172,9776800
1837,9.7852,11.9132,119.76,I,26.81189031,74,0,0.717391304,0.059684887,WPS,nearest1,0.186923172,9785200
1142,9.8157,10.8938,117.36,I,25.10542534,3,0,0.565217391,0.05642984,WPS,bioregprop,0.047712125,9815700
2210,9.818,5.7503,120.96,I,48.337872,79,0,0.065217391,0.073741209,CS,bioregprop,0.189762709,9818000
1721,9.911,10.1859,119.36,I,24.50854271,37,0,0.5,0.064630032,SS,bioregprop,0.156820172,9911000
1097,9.916,7.5778,117.28,I,14.35496196,12,0,0.130434783,0.067771824,SS,bioregprop,0.107918125,9916000
2198,10.0069,10.8938,120.88,I,32.44102306,242,0.03,0.630434783,0.065939479,SS,bioregprop,0.238381537,10006900
2411,10.0176,6.2277,121.76,I,24.761217,66,0,0.086956522,0.069775593,CS,bioregprop,0.181954394,10017600
1001,10.026,8.1326,116.88,VI,13.70143859,242,0.03,0.217391304,0.062284749,WPS,bioregprop,0.238381537,10026000
1290,10.0287,9.7131,117.84,I,7.105414371,242,0.03,0.391304348,0.064471681,WPS,bioregprop,0.238381537,10028700
1743,10.0372,11.9132,119.4399,I,5.383241059,55,0,0.717391304,0.059498746,WPS,bioregprop,0.174036269,10037200
2451,10.1064,11.9915,121.84,I,24.39550446,242,0.03,0.782608696,0.063873186,VS,nearest1,0.238381537,10106400
2093,10.1493,13.785,120.5601,I,24.38787136,1417,0.07,0.891304348,0.066077325,WPS,nearest1,0.315136985,10149300
2576,10.1847,18.5473,122.08,I,29.89076333,158,0.03,0.97826087,0.064892036,NPS,nearest1,0.219865709,10184700
822,10.2425,11.2078,116,I,43.05555529,1,0,0.565217391,0.062655059,WPS,bioregprop,0,10242500
2257,10.2461,9.6343,121.2,I,33.99274596,75,0,0.5,0.069626959,SS,bioregprop,0.187506126,10246100
2634,10.2462,14.3283,122.3199,I,38.78877584,469,0.04,0.891304348,0.069552759,NPS,bioregprop,0.267117284,10246200
3632,10.2807,10.0284,126,II,18.53633401,150,0.03,0.760869565,0.071273548,SPS,nearest1,0.217609126,10280700
1695,10.2932,11.8349,119.2,I,29.43985553,242,0.03,0.717391304,0.059049095,WPS,bioregprop,0.238381537,10293200
1130,10.2944,8.2909,117.36,I,45.36318361,11,0,0.239130435,0.061379392,SS,bioregprop,0.104139269,10294400
1284,10.3343,9.2397,117.84,I,24.74092737,16,0,0.369565217,0.064794581,WPS,bioregprop,0.120411998,10334300
1919,10.3862,13.8627,120,I,45.84491721,739,0.05,0.869565217,0.066092392,WPS,bioregprop,0.286864444,10386200
3009,10.4074,9.5554,123.6,I,22.40758385,242,0.03,0.565217391,0.068776805,VS,bioregprop,0.238381537,10407400
3519,10.4735,11.0508,125.4399,I,8.173411362,235,0.03,0.847826087,0.077550109,VS,bioregprop,0.237106786,10473500
1339,10.5095,9.3976,118,I,21.75473222,18,0,0.391304348,0.066326531,WPS,bioregprop,0.125527251,10509500
2993,10.516,11.8349,123.52,III,39.34408451,207,0.03,0.847826087,0.059397232,VS,bioregprop,0.231597035,10516000
2258,10.5223,9.7131,121.2,I,18.15871894,62,0,0.5,0.069523561,SS,bioregprop,0.179239169,10522300
1254,10.528,9.2397,117.76,I,32.6338016,13,0,0.369565217,0.064353635,WPS,bioregprop,0.111394335,10528000
2117,10.5524,11.2863,120.64,I,25.97214224,101,0.03,0.652173913,0.063480406,SS,bioregprop,0.200432137,10552400
838,10.5611,8.9237,116.16,I,38.58506071,242,0.03,0.369565217,0.065680103,WPS,bioregprop,0.238381537,10561100
725,10.6133,10.0284,114.5601,VI,11.79709804,1,0,0.456521739,0.061510173,WPS,bioregprop,0,10613300
1250,10.6393,8.5283,117.76,I,17.58843428,17,0,0.260869565,0.062469221,SS,bioregprop,0.123044892,10639300
2492,10.6485,12.1479,121.92,I,23.21077091,290,0.03,0.804347826,0.063528119,VS,nearest1,0.2462398,10648500
2834,10.6786,7.4985,123.12,I,22.032012,185,0.03,0.282608696,0.073907375,CS,bioregprop,0.226717173,10678600
1261,10.7229,10.8152,117.76,I,20.25462732,5,0,0.52173913,0.056722996,WPS,bioregprop,0.069897,10722900
3506,10.7259,9.0027,125.4399,I,46.05669423,11583,0.1,0.543478261,0.073748222,VS,bioregprop,0.406382106,10725900
3171,10.7518,10.3434,124.08,I,25.46475724,1938,0.07,0.695652174,0.073192352,VS,nearest1,0.328735377,10751800
2285,10.7809,11.9915,121.28,I,27.81540689,242,0.03,0.760869565,0.065058179,SS,bioregprop,0.238381537,10780900
1401,10.8023,10.1072,118.16,I,36.63085517,11,0,0.434782609,0.06389333,WPS,bioregprop,0.104139269,10802300
1105,10.8845,8.7656,117.28,VI,13.60700582,9,0,0.347826087,0.060426613,WPS,bioregprop,0.095424251,10884500
1842,10.9743,12.3043,119.76,I,28.55354241,87,0,0.760869565,0.06070547,WPS,nearest1,0.193951925,10974300
866,10.9894,9.792,116.3199,I,48.58022053,242,0.03,0.413043478,0.065204841,WPS,bioregprop,0.238381537,10989400
1176,10.9978,9.0027,117.52,I,52.03978352,16,0,0.347826087,0.062674331,WPS,bioregprop,0.120411998,10997800
1794,10.9979,5.0335,119.6801,I,40.847086,242,0.03,0.02173913,0.076038669,CS,bioregprop,0.238381537,10997900
920,11.0547,10.8152,116.5601,I,32.51431152,242,0.03,0.5,0.060312951,WPS,bioregprop,0.238381537,11054700
1882,11.1737,15.5649,119.84,I,36.35606578,531,0.05,0.934782609,0.063224583,WPS,nearest1,0.272509452,11173700
1838,11.2818,11.9915,119.76,I,39.05791689,78,0,0.739130435,0.059823304,WPS,nearest1,0.18920946,11281800
872,11.3298,11.2078,116.3199,I,41.47501473,1,0,0.52173913,0.059596998,WPS,bioregprop,0,11329800
2984,11.3723,10.9723,123.52,I,35.37324341,501,0.05,0.739130435,0.066010807,VS,bioregprop,0.269983773,11372300
1726,11.4094,11.7566,119.36,I,24.85407995,47,0,0.717391304,0.058996689,WPS,bioregprop,0.167209786,11409400
1416,11.4099,9.0027,118.24,I,27.74444811,27,0,0.326086957,0.065933611,SS,bioregprop,0.143136376,11409900
658,11.4241,9.8708,114.24,V,5.501415212,0,0,0.456521739,0.065190996,WPS,bioregprop,0,11424100
1579,11.4461,10.7366,118.72,I,18.86868978,15,0,0.5,0.060512537,WPS,bioregprop,0.117609126,11446100
1066,11.5125,10.5794,117.12,I,31.53732007,2,0,0.52173913,0.056735382,WPS,bioregprop,0.030103,11512500
2060,11.5201,5.1132,120.48,VI,7.008795,26,0,0.02173913,0.073699125,CS,bioregprop,0.141497335,11520100
2140,11.5286,6.4662,120.72,I,24.74606992,42,0,0.065217391,0.075875044,SS,bioregprop,0.162324929,11528600
2230,11.6093,11.0508,121.04,I,35.09765309,96,0,0.630434783,0.065491915,SS,bioregprop,0.198227123,11609300
634,11.6649,8.7656,114.08,I,31.3477859,1,0,0.326086957,0.072932732,WPS,bioregprop,0,11664900
1964,11.7246,11.6783,120.16,I,34.54153228,71,0,0.673913043,0.060789946,SS,bioregprop,0.185125835,11724600
3098,11.7655,11.0508,123.84,V,4.086767301,505,0.05,0.760869565,0.068619525,VS,bioregprop,0.270329138,11765500
1742,11.7699,11.8349,119.4399,I,31.72866641,52,0,0.695652174,0.059269638,WPS,bioregprop,0.171600334,11769900
1728,11.8003,11.9132,119.36,I,15.50185449,242,0.03,0.717391304,0.059443735,WPS,bioregprop,0.238381537,11800300
1080,11.8024,8.6865,117.2,I,47.98659222,8,0,0.326086957,0.059420719,WPS,bioregprop,0.090308999,11802400
2973,11.8549,8.6865,123.52,III,56.62970004,308,0.04,0.47826087,0.063542023,VS,nearest1,0.248855072,11854900
1231,11.8936,15.102,117.6801,VI,20.22985447,48,0,0.869565217,0.06982469,WPS,bioregprop,0.168124124,11893600
3610,11.9009,10.7366,125.84,VII,0.305906402,123,0.03,0.782608696,0.074992064,SPS,bioregprop,0.208990511,11900900
1874,11.9158,12.3043,119.84,I,35.32857286,98,0,0.760869565,0.060622099,WPS,bioregprop,0.199122608,11915800
2173,11.9189,10.8152,120.8,I,30.04579197,242,0.03,0.608695652,0.066330939,SS,bioregprop,0.238381537,11918900
2166,12.0414,6.1482,120.8,Outlier,39.05177342,242,0.03,0.065217391,0.072900981,SS,bioregprop,0.238381537,12041400
2569,12.1393,14.2508,122.08,I,38.75212602,640,0.05,0.891304348,0.068087665,NPS,bioregprop,0.280617997,12139300
2113,12.1497,9.2397,120.64,I,17.78271651,35,0,0.456521739,0.069985111,SS,bioregprop,0.154406804,12149700
1715,12.1826,4.8741,119.36,I,51.550725,32,0,0.02173913,0.07590976,CS,bioregprop,0.150514998,12182600
1059,12.2037,8.5283,117.12,I,19.87845592,9,0,0.326086957,0.058336857,WPS,bioregprop,0.095424251,12203700
2238,12.43,9.5554,121.12,I,32.16474503,242,0.03,0.5,0.069534877,SS,bioregprop,0.238381537,12430000
2307,12.4713,11.8349,121.36,Outlier,39.20420581,191,0.03,0.695652174,0.065442114,SS,bioregprop,0.228103337,12471300
1653,12.5028,4.6349,119.04,I,29.017039,20,0,0.02173913,0.073697712,CS,bioregprop,0.130103,12502800
1141,12.5176,10.8152,117.36,I,38.03283667,3,0,0.52173913,0.056094885,WPS,bioregprop,0.047712125,12517600
1777,12.5486,5.7503,119.6,I,12.09263516,242,0.03,0.043478261,0.075515154,SS,bioregprop,0.238381537,12548600
1251,12.6279,8.6074,117.76,Outlier,35.93117408,27,0,0.282608696,0.062659124,SS,bioregprop,0.143136376,12627900
906,12.6289,11.5999,116.48,I,20.43242953,1,0,0.608695652,0.058179047,WPS,bioregprop,0,12628900
1769,12.6786,12.3043,119.52,I,25.33190346,74,0,0.760869565,0.060864228,WPS,bioregprop,0.186923172,12678600
2739,12.7598,7.4985,122.72,I,9.690793,180,0.03,0.239130435,0.073941248,CS,bioregprop,0.225527251,12759800
1859,12.7788,5.1929,119.84,VI,6.602908,33,0,0.02173913,0.0741056,CS,bioregprop,0.151851394,12778800
1664,12.9147,11.5216,119.04,I,40.08966627,242,0.03,0.673913043,0.058322377,WPS,bioregprop,0.238381537,12914700
706,12.9161,9.9496,114.48,I,19.3359978,1,0,0.456521739,0.062746443,WPS,bioregprop,0,12916100
900,13.0364,10.422,116.48,I,32.95614995,1,0,0.5,0.063536853,WPS,bioregprop,0,13036400
1079,13.1312,8.6074,117.2,I,25.27857973,10,0,0.326086957,0.05916817,WPS,bioregprop,0.1,13131200
1968,13.3928,13.7073,120.16,I,27.75021224,381,0.04,0.869565217,0.067026144,WPS,bioregprop,0.258092498,13392800
855,13.3979,10.8152,116.24,I,21.71120742,1,0,0.5,0.061491513,WPS,bioregprop,0,13397900
2044,13.5001,12.6168,120.4,I,28.54490458,149,0.03,0.826086957,0.063833812,WPS,bioregprop,0.217318627,13500100
935,13.524,10.8152,116.64,I,20.26859356,1,0,0.5,0.059916502,WPS,bioregprop,0,13524000
1442,13.5476,7.1811,118.3199,Outlier,41.15695347,10,0,0.130434783,0.070265689,SS,bioregprop,0.1,13547600
1488,13.6947,10.5007,118.4,I,18.87385267,12,0,0.52173913,0.061746312,WPS,bioregprop,0.107918125,13694700
2464,13.7149,14.7155,121.84,I,43.29576133,842,0.06,0.913043478,0.071870362,NPS,bioregprop,0.292531209,13714900
2727,13.7763,12.1479,122.64,I,39.31363863,209,0.03,0.826086957,0.064944512,VS,bioregprop,0.232014629,13776300
1850,13.8224,15.642,119.76,I,25.19899047,454,0.04,0.934782609,0.063124773,WPS,nearest1,0.265705585,13822400
2118,13.8534,11.3647,120.64,I,37.57315787,242,0.03,0.652173913,0.063004912,SS,bioregprop,0.238381537,13853400
1200,13.8946,8.5283,117.6,III,30.12465481,17,0,0.282608696,0.062027326,SS,bioregprop,0.123044892,13894600
830,13.9261,10.7366,116.08,I,39.07010113,1,0,0.5,0.06215509,WPS,bioregprop,0,13926100
1867,13.9919,10.8152,119.84,I,42.06953189,47,0,0.565217391,0.065422494,SS,bioregprop,0.167209786,13991900
2221,14.061,12.2261,120.96,I,11.82761197,242,0.03,0.739130435,0.064991311,SS,nearest1,0.238381537,14061000
1809,14.1041,15.873,119.6801,I,38.11017193,242,0.03,0.934782609,0.06416911,WPS,bioregprop,0.238381537,14104100
708,14.1341,10.2646,114.48,I,20.3891763,0,0,0.47826087,0.061043187,WPS,bioregprop,0,14134100
1793,14.1591,4.9538,119.6801,IV,16.92629,242,0.03,0.02173913,0.076520239,CS,nearest1,0.238381537,14159100
709,14.1763,10.422,114.48,I,24.23650611,0,0,0.47826087,0.061277866,WPS,bioregprop,0,14176300
1708,14.18,11.8349,119.28,I,41.66483001,242,0.03,0.717391304,0.059102035,WPS,bioregprop,0.238381537,14180000
2736,14.2452,7.2605,122.72,I,13.359827,136,0.03,0.195652174,0.071155984,CS,bioregprop,0.213353891,14245200
694,14.2802,9.8708,114.4,I,38.13856616,1,0,0.456521739,0.064491313,WPS,bioregprop,0,14280200
2737,14.3427,7.3398,122.72,I,18.983988,154,0.03,0.217391304,0.072131826,CS,bioregprop,0.218752072,14342700
1852,14.4875,15.796,119.76,I,29.27849901,477,0.04,0.934782609,0.064221778,WPS,bioregprop,0.267851838,14487500
999,14.5911,7.9741,116.88,Outlier,31.7112202,16,0,0.195652174,0.065123273,SS,bioregprop,0.120411998,14591100
1116,14.6152,10.8938,117.28,VI,10.8228089,242,0.03,0.565217391,0.056585219,WPS,bioregprop,0.238381537,14615200
878,14.7399,9.7131,116.4,I,2.473961234,242,0.03,0.413043478,0.064926491,WPS,bioregprop,0.238381537,14739900
2985,14.8369,11.0508,123.52,I,7.356821536,386,0.04,0.739130435,0.065271779,VS,bioregprop,0.25865873,14836900
3282,14.852,12.6948,124.3199,I,10.90625028,300,0.04,0.869565217,0.066920007,NPS,bioregprop,0.247712125,14852000
3585,14.866,10.9723,125.6801,I,24.32145393,163,0.03,0.847826087,0.077646354,SPS,bioregprop,0.22121876,14866000
1583,14.9341,11.0508,118.72,I,6.184924743,242,0.03,0.565217391,0.059511563,WPS,bioregprop,0.238381537,14934100
3148,15.0631,11.2863,124,III,58.38157872,358,0.04,0.804347826,0.067799644,VS,bioregprop,0.255388303,15063100
1447,15.0864,7.7364,118.3199,I,24.84327907,242,0.03,0.152173913,0.06649211,SS,bioregprop,0.238381537,15086400
2286,15.0954,12.0697,121.28,I,39.4295813,203,0.03,0.760869565,0.065066425,SS,bioregprop,0.230749604,15095400
1133,15.1538,8.8447,117.36,I,26.14156292,11,0,0.369565217,0.061329981,WPS,bioregprop,0.104139269,15153800
722,15.2203,8.8447,114.5601,I,26.99253322,2,0,0.326086957,0.069121477,WPS,bioregprop,0.030103,15220300
1713,15.2418,4.7147,119.36,I,8.708692,72,0,0.02173913,0.07578234,CS,bioregprop,0.18573325,15241800
2147,15.2753,11.0508,120.72,I,38.08203647,242,0.03,0.652173913,0.065064517,SS,bioregprop,0.238381537,15275300
1881,15.2756,15.4879,119.84,I,39.40674142,570,0.05,0.934782609,0.062877004,WPS,nearest1,0.275587486,15275600
2788,15.4149,14.4832,122.88,I,30.35191049,266,0.03,0.934782609,0.07318973,NPS,bioregprop,0.242488164,15414900
2085,15.4319,5.2725,120.5601,I,32.842978,33,0,0.043478261,0.073505181,CS,bioregprop,0.151851394,15431900
2537,15.5685,13.5518,122,I,24.31836509,436,0.04,0.891304348,0.064197453,VS,bioregprop,0.263948649,15568500
1717,15.5849,5.6707,119.36,III,34.96474935,242,0.03,0.043478261,0.076799974,SS,bioregprop,0.238381537,15584900
2429,15.6722,15.0248,121.76,V,1.083654293,242,0.03,0.934782609,0.070557333,NPS,bioregprop,0.238381537,15672200
1714,15.8317,4.7944,119.36,I,7.197598,43,0,0.02173913,0.075825203,CS,bioregprop,0.163346846,15831700
1427,16.0414,10.3434,118.24,I,22.87748642,242,0.03,0.5,0.062464755,WPS,bioregprop,0.238381537,16041400
1052,16.07,11.9915,117.04,I,25.48457581,7,0,0.630434783,0.059839574,WPS,bioregprop,0.084509804,16070000
2929,16.1097,11.1293,123.36,I,39.00606572,396,0.04,0.717391304,0.062882487,VS,bioregprop,0.259769519,16109700
1314,16.1565,9.3186,117.92,V,2.862976858,20,0,0.369565217,0.065518065,WPS,bioregprop,0.130103,16156500
1611,16.283,11.2863,118.8,I,26.41264105,242,0.03,0.630434783,0.058609835,WPS,bioregprop,0.238381537,16283000
3539,16.3137,11.0508,125.52,V,1.509481252,227,0.03,0.847826087,0.077939109,VS,nearest1,0.235602586,16313700
2953,16.4291,10.9723,123.4399,I,42.9008716,571,0.05,0.717391304,0.065078253,VS,nearest1,0.275663611,16429100
1890,16.4417,5.2725,119.92,I,24.207756,26,0,0.02173913,0.072828386,CS,bioregprop,0.141497335,16441700
1229,16.4673,10.7366,117.6801,I,42.02844869,6,0,0.52173913,0.056170429,WPS,bioregprop,0.077815125,16467300
1694,16.5952,11.7566,119.2,I,26.0196825,45,0,0.717391304,0.058830279,WPS,bioregprop,0.165321251,16595200
829,16.6145,10.658,116.08,I,25.30579376,242,0.03,0.5,0.062354786,WPS,bioregprop,0.238381537,16614500
1913,16.6157,8.8447,120,I,21.85715036,24,0,0.326086957,0.067655017,SS,bioregprop,0.138021124,16615700
1144,16.6759,11.1293,117.36,I,27.90286469,242,0.03,0.565217391,0.057813493,WPS,bioregprop,0.238381537,16675900
2263,16.7008,11.8349,121.2,I,46.47078858,242,0.03,0.695652174,0.064636289,SS,bioregprop,0.238381537,16700800
3606,16.73,9.9496,125.84,I,26.01271961,157,0.03,0.739130435,0.070362097,SPS,nearest1,0.219589965,16730000
3065,16.8315,9.9496,123.76,I,43.4805481,560,0.05,0.630434783,0.071725014,VS,nearest1,0.274818803,16831500
2192,16.8944,6.1482,120.88,I,23.94789782,117,0.03,0.065217391,0.072950165,SS,bioregprop,0.206818586,16894400
2663,16.9179,14.3283,122.4,I,21.38295509,443,0.04,0.891304348,0.070120003,NPS,bioregprop,0.264640373,16917900
790,16.9977,10.5007,115.6801,I,42.74467477,1,0,0.5,0.063305076,WPS,bioregprop,0,16997700
1025,17.0264,8.1326,116.96,I,5.160611943,242,0.03,0.239130435,0.062033176,WPS,bioregprop,0.238381537,17026400
950,17.0343,7.8949,116.72,Outlier,34.5058167,242,0.03,0.173913043,0.06743366,SS,bioregprop,0.238381537,17034300
2384,17.0357,13.8627,121.6,IV,23.34264585,242,0.03,0.913043478,0.06287512,VS,bioregprop,0.238381537,17035700
1039,17.1325,8.2117,117.04,I,33.99964862,10,0,0.239130435,0.060624739,SS,nearest1,0.1,17132500
809,17.1419,10.422,115.92,I,50.75934847,242,0.03,0.5,0.063433339,WPS,bioregprop,0.238381537,17141900
2719,17.2216,7.4192,122.64,I,22.971758,177,0.03,0.239130435,0.073379889,CS,bioregprop,0.224797327,17221600
861,17.4116,11.6783,116.24,I,14.66197137,1,0,0.652173913,0.0595175,WPS,bioregprop,0,17411600
727,17.5842,10.3434,114.5601,V,5.090684901,0,0,0.47826087,0.060911754,WPS,bioregprop,0,17584200
1026,17.9403,8.2117,116.96,I,34.68917621,242,0.03,0.239130435,0.06069741,WPS,bioregprop,0.238381537,17940300
1550,17.9702,9.4765,118.64,III,42.91937425,65,0,0.369565217,0.068298148,SS,bioregprop,0.181291336,17970200
868,18.0162,10.8938,116.3199,I,18.34166063,1,0,0.5,0.060864954,WPS,bioregprop,0,18016200
1536,18.0314,10.658,118.5601,I,28.5317897,242,0.03,0.52173913,0.060906009,WPS,bioregprop,0.238381537,18031400
907,18.0345,11.6783,116.48,I,35.6527785,242,0.03,0.608695652,0.058492032,WPS,bioregprop,0.238381537,18034500
2094,18.2041,13.8627,120.5601,I,29.00216902,1894,0.07,0.891304348,0.065707748,WPS,nearest1,0.327737997,18204100
1031,18.306,8.6865,116.96,I,4.698264302,242,0.03,0.347826087,0.057195053,WPS,bioregprop,0.238381537,18306000
1853,18.3372,15.873,119.76,I,35.54546175,518,0.05,0.934782609,0.064544079,WPS,bioregprop,0.271432976,18337200
1822,18.354,4.8741,119.76,IV,17.00595,175,0.03,0.02173913,0.076913223,CS,nearest1,0.224303805,18354000
1547,18.451,9.2397,118.64,I,34.90747504,242,0.03,0.347826087,0.068245777,SS,bioregprop,0.238381537,18451000
1058,18.5178,8.4492,117.12,I,29.46697385,10,0,0.304347826,0.0585635,WPS,bioregprop,0.1,18517800
1634,18.5936,11.3647,118.88,I,24.55420838,242,0.03,0.630434783,0.058409516,WPS,bioregprop,0.238381537,18593600
1654,18.8291,4.7147,119.04,I,19.576258,21,0,0.02173913,0.073732213,CS,bioregprop,0.132221929,18829100
1667,18.8842,4.7147,119.12,I,24.216433,24,0,0.02173913,0.074274697,CS,bioregprop,0.138021124,18884200
2034,18.9751,5.1132,120.4,I,29.15901,29,0,0.02173913,0.073163573,CS,bioregprop,0.1462398,18975100
998,19.0232,7.8949,116.88,I,21.22984004,11,0,0.173913043,0.066486556,SS,bioregprop,0.104139269,19023200
1610,19.0356,11.2078,118.8,I,35.77251627,242,0.03,0.630434783,0.058740622,WPS,bioregprop,0.238381537,19035600
821,19.0748,11.1293,116,I,28.07225718,1,0,0.543478261,0.062754538,WPS,bioregprop,0,19074800
744,19.086,10.3434,114.64,I,19.8922537,0,0,0.47826087,0.060700318,WPS,bioregprop,0,19086000
1090,19.2179,11.0508,117.2,I,30.78205546,242,0.03,0.565217391,0.057664958,WPS,bioregprop,0.238381537,19217900
3092,19.3983,10.0284,123.84,III,51.13992027,570,0.05,0.630434783,0.072025363,VS,nearest1,0.275587486,19398300
2738,19.4099,7.4192,122.72,VI,3.376044,180,0.03,0.239130435,0.073120379,CS,bioregprop,0.225527251,19409900
1131,19.5353,8.3701,117.36,I,28.67702438,12,0,0.260869565,0.060928205,SS,bioregprop,0.107918125,19535300
997,19.5788,7.8156,116.88,II,7.308191993,11,0,0.173913043,0.067592824,SS,bioregprop,0.104139269,19578800
1087,19.9094,10.3434,117.2,I,8.584847296,242,0.03,0.456521739,0.057136379,WPS,bioregprop,0.238381537,19909400
3024,20.1019,11.8349,123.6,I,31.8582313,208,0.03,0.847826087,0.059880856,VS,bioregprop,0.231806333,20101900
2787,20.1229,14.4058,122.88,I,28.31591351,330,0.04,0.913043478,0.072855653,NPS,bioregprop,0.251851394,20122900
897,20.3411,9.7131,116.48,I,33.0707857,2,0,0.413043478,0.064642156,WPS,bioregprop,0.030103,20341100
3643,20.3479,9.6343,126.08,II,12.19454466,152,0.03,0.695652174,0.072023275,SPS,bioregprop,0.218184359,20347900
1650,20.5634,11.4432,118.96,I,27.26885226,34,0,0.652173913,0.058320057,WPS,bioregprop,0.153147892,20563400
1232,20.7222,15.1793,117.6801,I,18.63656826,48,0,0.891304348,0.069947621,WPS,bioregprop,0.168124124,20722200
1808,20.9383,15.796,119.6801,I,42.60556006,242,0.03,0.934782609,0.06380344,WPS,bioregprop,0.238381537,20938300
1033,20.9836,10.5794,116.96,I,25.32884227,2,0,0.5,0.058289016,WPS,bioregprop,0.030103,20983600
1889,21.1222,4.8741,119.92,IV,19.10951,35,0,0.02173913,0.076615054,CS,nearest1,0.154406804,21122200
879,21.3026,9.792,116.4,I,32.37666014,2,0,0.413043478,0.065043327,WPS,bioregprop,0.030103,21302600
1462,21.4902,10.422,118.3199,I,32.30501403,11,0,0.52173913,0.062161132,WPS,bioregprop,0.104139269,21490200
1402,21.865,10.1859,118.16,I,28.95210118,242,0.03,0.434782609,0.063205829,WPS,bioregprop,0.238381537,21865000
1651,21.931,11.5216,118.96,I,29.68250093,242,0.03,0.673913043,0.058410586,WPS,bioregprop,0.238381537,21931000
956,22.0156,10.658,116.72,I,43.08978206,1,0,0.5,0.060495737,WPS,bioregprop,0,22015600
3200,22.0794,10.3434,124.16,IV,13.58494709,810,0.06,0.695652174,0.072761384,VS,bioregprop,0.290848502,22079400
1057,22.1898,8.3701,117.12,I,41.62527063,11,0,0.282608696,0.059068662,WPS,bioregprop,0.104139269,22189800
2994,22.5088,11.9132,123.52,III,47.84159761,208,0.03,0.847826087,0.059268527,VS,bioregprop,0.231806333,22508800
1729,23.5221,11.9915,119.36,I,5.991540889,242,0.03,0.717391304,0.059723441,WPS,bioregprop,0.238381537,23522100
3272,23.5656,10.9723,124.3199,V,5.806533043,333,0.04,0.782608696,0.072018594,VS,nearest1,0.252244423,23565600
1143,23.8444,11.0508,117.36,I,38.83045767,242,0.03,0.565217391,0.057326625,WPS,bioregprop,0.238381537,23844400
848,24.1268,11.5999,116.16,I,33.08857352,242,0.03,0.652173913,0.059983137,WPS,bioregprop,0.238381537,24126800
3017,24.2308,11.2078,123.6,V,8.217241874,327,0.04,0.760869565,0.064579882,VS,bioregprop,0.251454775,24230800
1866,24.3465,10.7366,119.84,I,39.03234172,45,0,0.543478261,0.065972642,SS,bioregprop,0.165321251,24346500
676,25.0836,9.9496,114.3199,I,29.55700223,0,0,0.456521739,0.064040167,WPS,bioregprop,0,25083600
797,25.1993,10.8152,115.76,I,29.3514663,242,0.03,0.52173913,0.063620509,WPS,bioregprop,0.238381537,25199300
3124,25.6813,10.1072,123.92,I,32.95027756,242,0.03,0.630434783,0.072390277,VS,nearest1,0.238381537,25681300
2209,25.712,5.6707,120.96,I,43.604296,61,0,0.065217391,0.074167042,CS,bioregprop,0.178532984,25712000
1680,25.9371,4.4754,119.2,I,8.260637,20,0,0.02173913,0.075086826,CS,bioregprop,0.130103,25937100
1549,26.5721,9.3976,118.64,I,24.48232126,41,0,0.347826087,0.068484626,SS,bioregprop,0.161278386,26572100
3233,27.7665,10.3434,124.24,I,7.927340677,528,0.05,0.695652174,0.072282274,VS,nearest1,0.272263392,27766500
881,28.0724,10.3434,116.4,I,24.42753393,242,0.03,0.5,0.064313772,WPS,bioregprop,0.238381537,28072400
1711,28.1214,4.5552,119.36,I,27.910575,41,0,0.02173913,0.075832169,CS,bioregprop,0.161278386,28121400
1489,28.4143,10.5794,118.4,I,20.19187479,11,0,0.52173913,0.061316234,WPS,bioregprop,0.104139269,28414300
1969,28.4159,13.8627,120.16,I,44.92918547,464,0.04,0.891304348,0.066403174,WPS,nearest1,0.266651798,28415900
1677,28.812,11.5216,119.12,I,29.50673086,40,0,0.673913043,0.058282207,WPS,bioregprop,0.160205999,28812000
3268,29.1338,10.3434,124.3199,I,33.85337252,419,0.04,0.695652174,0.071780344,VS,nearest1,0.262221402,29133800
1884,29.22,16.4109,119.84,VI,18.40683987,939,0.06,0.934782609,0.066662521,WPS,nearest1,0.297266559,29220000
1697,30.9032,4.4754,119.28,IV,18.10709,20,0,0.02173913,0.075585767,CS,bioregprop,0.130103,30903200
1548,31.2263,9.3186,118.64,I,50.40818075,34,0,0.347826087,0.068447427,SS,bioregprop,0.153147892,31226300
1000,31.5544,8.0534,116.88,I,59.33413152,13,0,0.195652174,0.063705107,WPS,bioregprop,0.111394335,31554400
3125,32.0528,10.1859,123.92,V,8.011889369,3065,0.08,0.630434783,0.073023622,VS,nearest1,0.348643048,32052800
1040,32.1192,8.2909,117.04,I,39.04516651,242,0.03,0.282608696,0.059525257,WPS,bioregprop,0.238381537,32119200
1007,32.1996,10.5794,116.88,I,25.17521868,2,0,0.5,0.059162826,WPS,bioregprop,0.030103,32199600
974,32.5488,7.9741,116.8,I,44.88061758,10,0,0.195652174,0.065536883,WPS,bioregprop,0.1,32548800
3290,32.6127,10.2646,124.4,I,25.68347943,401,0.04,0.695652174,0.070747585,VS,nearest1,0.260314437,32612700
1892,33.2599,5.9095,119.92,I,21.64421691,28,0,0.065217391,0.073318574,SS,bioregprop,0.144715803,33259900
3232,33.7792,10.2646,124.24,I,33.53820691,562,0.05,0.695652174,0.071821975,VS,nearest1,0.274973632,33779200
1830,35.2808,10.8152,119.76,I,27.8369203,242,0.03,0.543478261,0.06485322,SS,bioregprop,0.238381537,35280800
1851,35.5706,15.719,119.76,I,12.11663339,477,0.04,0.934782609,0.063714964,WPS,nearest1,0.267851838,35570600
1701,35.8257,4.8741,119.28,I,27.98873,26,0,0.02173913,0.075488881,CS,bioregprop,0.141497335,35825700
2084,36.2103,5.1929,120.5601,I,26.845896,29,0,0.02173913,0.07397547,CS,bioregprop,0.1462398,36210300
1829,36.7739,10.7366,119.76,I,35.87978598,43,0,0.52173913,0.065397815,SS,bioregprop,0.163346846,36773900
1683,38.5137,4.7944,119.2,I,28.191067,28,0,0.02173913,0.074887689,CS,bioregprop,0.144715803,38513700
810,38.6261,10.5007,115.92,VI,10.2955654,1,0,0.5,0.063042367,WPS,bioregprop,0,38626100
677,39.4997,10.0284,114.3199,I,35.2459238,0,0,0.47826087,0.062981763,WPS,bioregprop,0,39499700
2594,39.5427,14.2508,122.16,I,30.54749653,566,0.05,0.891304348,0.0682138,NPS,bioregprop,0.275281643,39542700
2149,39.6432,11.4432,120.72,I,46.47320406,87,0,0.652173913,0.062680151,SS,bioregprop,0.193951925,39643200
1091,39.8568,11.1293,117.2,I,20.38485342,3,0,0.565217391,0.058007961,WPS,bioregprop,0.047712125,39856800
1681,40.1271,4.5552,119.2,I,34.95379,26,0,0.02173913,0.074915502,CS,bioregprop,0.141497335,40127100
1682,40.2129,4.6349,119.2,VI,3.374661,26,0,0.02173913,0.074836836,CS,bioregprop,0.141497335,40212900
1712,41.6925,4.6349,119.36,I,36.596082,41,0,0.02173913,0.075786288,CS,bioregprop,0.161278386,41692500
3321,43.1325,10.2646,124.5601,III,41.77063017,344,0.04,0.695652174,0.06975228,VS,nearest1,0.253655844,43132500
1699,47.7257,4.7147,119.28,I,23.840119,30,0,0.02173913,0.075346313,CS,bioregprop,0.147712125,47725700
795,49.7105,10.658,115.76,I,40.22152676,242,0.03,0.5,0.063329755,WPS,bioregprop,0.238381537,49710500
973,51.9566,7.8949,116.8,I,23.14595516,10,0,0.173913043,0.066953211,SS,bioregprop,0.1,51956600
1823,62.0438,4.9538,119.76,I,16.132059,78,0,0.02173913,0.076398309,CS,bioregprop,0.18920946,62043800
1778,67.6435,5.8299,119.6,I,59.3945755,17,0,0.065217391,0.075706662,SS,bioregprop,0.123044892,67643500
796,71.1044,10.7366,115.76,I,32.06249312,1,0,0.52173913,0.063464566,WPS,bioregprop,0,71104400
1698,78.637,4.6349,119.28,I,37.341252,26,0,0.02173913,0.075365346,CS,bioregprop,0.141497335,78637000